instruction,input,output
Read the provided passage carefully and select the most appropriate answer to the question.,"Until recently, the common type of diabetes in children and teens was type 1, also known as juvenile diabetes. Type 1 diabetes occurs when the pancreas does not produce insulin, a hormone that helps glucose enter cells for energy. Without insulin, excess glucose remains in the blood. However, younger people are now increasingly being diagnosed with type 2 diabetes, which was previously called adult-onset diabetes. The rise in type 2 diabetes among children and teens is attributed to increasing obesity rates. In type 2 diabetes, the body does not produce enough insulin or does not use it effectively. Risk factors for type 2 diabetes in children include obesity, family history, poor diet, and lack of physical activity. Preventative measures include maintaining a healthy weight, regular physical activity, eating smaller portions of healthy foods, and reducing screen time. Type 1 diabetes treatment generally involves insulin administration, while type 2 diabetes can often be managed with diet and exercise, though some patients may require oral medication or insulin. The A1C blood test is used to monitor diabetes management.

Which of the following is NOT a risk factor for type 2 diabetes in children?
A) Obesity
B) Family history of diabetes
C) Low sugar intake
D) Lack of physical activity",C) Low sugar intake
Read the provided clinical case carefully and choose the most likely underlying cause of the patient's condition from the given options.,"A 52-year-old man presents to the emergency department because of pain and swelling in his left leg over the past few hours. He traveled from Sydney to Los Angeles 2 days ago. He has had type 2 diabetes mellitus for 10 years and takes metformin for it. He has smoked a pack of cigarettes daily for 25 years. His temperature is 36.9°C (98.4°F), the blood pressure is 140/90 mm Hg, and the pulse is 90/min. On examination, the left calf is 5 cm greater in circumference than the right. The left leg appears more erythematous than the right with dilated superficial veins. Venous duplex ultrasound shows non-compressibility. What is the most likely underlying cause of this patient's illness?

A) Impaired venous blood flow
B) Arterial embolism
C) Diabetic neuropathy
D) Cellulitis",A) Impaired venous blood flow
Read the provided medical text carefully and select the most accurate answer based on the given information.,"People with type 2 diabetes often experience two common mental health conditions: depression and diabetes distress. Both increase a patient?s risk for mortality, poor disease management, diabetes-related complications, and poor quality of life. The American Diabetes Association and the U.S. Preventive Services Task Force recommend routine evaluations for these conditions in adults for optimal disease management and prevention of life-threatening complications. However, barriers exist within primary care and specialty settings that make screening for depression and diabetes distress challenging. Depression and diabetes distress influence diabetes self-care and diabetes control, and barriers in clinical care practice can hinder detection and management of psychosocial issues in diabetes care. This paper highlights opportunities to increase mental health screenings and provides strategies to help providers address depression and diabetes distress in patients with type 2 diabetes.

What are the key mental health challenges faced by people with type 2 diabetes, and what recommendations exist for their management?

A) Anxiety and sleep disturbances; primary care providers should refer all patients to psychiatrists.
B) Depression and diabetes distress; routine evaluations are recommended to prevent severe complications.
C) Schizophrenia and panic disorder; clinical interventions should focus on hospitalization.
D) Bipolar disorder and ADHD; patients should receive cognitive behavioral therapy as the primary treatment.",B) Depression and diabetes distress; routine evaluations are recommended to prevent severe complications.
Select the most accurate answer regarding the pathology and treatment of diabetic nephropathy.,"Diabetic nephropathy is a progressive kidney disease resulting from chronic hyperglycemia. It involves glomerular damage due to oxidative stress, inflammation, and fibrosis. Effective treatment options aim to slow progression and reduce complications. Which of the following is NOT a recommended treatment strategy for managing diabetic nephropathy?

A) SGLT2 inhibitors to reduce hyperglycemia and protect kidney function
B) Renin-angiotensin system (RAS) inhibitors to control blood pressure and reduce proteinuria
C) High-protein diet to enhance kidney filtration and function
D) Lifestyle modifications such as weight management and blood pressure control",C) High-protein diet to enhance kidney filtration and function
Select the correct answer based on medical knowledge related to A1C testing and diabetes risk.,"A1C testing is widely used as a diagnostic tool for diabetes and prediabetes. Research indicates that individuals with A1C levels of 5.6% or higher are at increased risk of developing diabetes in the future. Based on this information, which of the following A1C levels indicates an increased risk for future diabetes?

A) 5.4%
B) 5.6%
C) 5.2%
D) 4.8%",B) 5.6%
Read the given study details and select the most accurate conclusion.,"A clinical study analyzed the impact of dairy consumption on insulin resistance in 272 middle-aged, nondiabetic women. Participants recorded their diets for seven days, and their insulin resistance was assessed using the Homeostatic Model Assessment (HOMA). The study concluded that women with the highest dairy intake exhibited significantly higher insulin resistance than those with lower dairy intake, even after adjusting for confounding factors.

What conclusion can be drawn from the study on dairy consumption and insulin resistance?
A) Increased dairy consumption is linked to higher insulin resistance in middle-aged, nondiabetic women.
B) Dairy consumption has no measurable impact on insulin resistance.
C) Higher dairy intake lowers insulin resistance when combined with a high-protein diet.
D) Insulin resistance is primarily influenced by exercise rather than dietary factors.","A) ncreased dairy consumption is linked to higher insulin resistance in middle-aged, nondiabetic women."
Provide the correct answer along with a justification based on the given information.,"The text provides a list of nine low-carb breakfast recipes suitable for individuals with diabetes. These recipes include egg and turkey sausage casserole, breakfast quesadilla, fruit smoothie, gluten-free biscuits, guilt-free sausage patties, spinach mushroom ham egg cups, sausage basil frittata, sweet smoky baked eggs, and socca with poached eggs.

Options:
A) High-carb desserts for diabetics
B) Low-carb breakfast ideas for diabetics
C) Mediterranean diet meal plan
D) High-protein vegan recipes","{'answer': 'B', 'justification': ""The provided text lists various breakfast recipes that are explicitly described as 'low-carb' and 'suitable for individuals with diabetes.' Among the given options, choice B ('Low-carb breakfast ideas for diabetics') best aligns with this description, making it the correct answer.""}"
Determine the correct answer based on the given biomedical text and provide a justification for your response.,"Question: Can canagliflozin cause euglycemic diabetic ketoacidosis?

Text: Metabolic ketoacidosis with normal blood glucose: A rare complication of sodium-glucose cotransporter 2 inhibitors. Ketoacidosis is a significant and often life-threatening complication of diabetes mellitus seen mostly in type 1 diabetes mellitus as well as occasionally in type 2 diabetes mellitus. Diabetic ketoacidosis usually manifests with high blood glucose levels (>250 mg/dL), but euglycemic diabetic ketoacidosis is defined as ketoacidosis with blood glucose levels below 250 mg/dL. Normal blood glucose in such cases can delay diagnosis and management, increasing mortality and morbidity. We present a case of euglycemic diabetic ketoacidosis secondary to canagliflozin in a type 2 diabetic patient.","{'answer': 'Yes', 'justification': 'The provided text describes a case of euglycemic diabetic ketoacidosis (EDKA) that occurred in a type 2 diabetic patient taking canagliflozin. The text explicitly states that EDKA is a rare but significant complication of sodium-glucose cotransporter 2 (SGLT2) inhibitors, which include canagliflozin. Therefore, canagliflozin can indeed cause EDKA.'}"
Select the primary factor contributing to hepatic insulin resistance and explain why the other options are incorrect.,"Excessive fructose intake is strongly associated with hepatic insulin resistance through multiple metabolic pathways, including de novo lipogenesis, impaired fatty acid oxidation, and increased endoplasmic reticulum stress.

Options:
A) Fructose metabolism
B) Protein deficiency
C) Low-carbohydrate diet
D) Physical inactivity","{'answer': 'A', 'explanation': {'B': 'Protein deficiency is not a major contributor to hepatic insulin resistance; rather, it is more commonly associated with muscle wasting and immune dysfunction.', 'C': 'A low-carbohydrate diet typically improves insulin sensitivity rather than contributing to insulin resistance.', 'D': 'While physical inactivity is a risk factor for systemic insulin resistance, the given context specifically highlights fructose metabolism as the primary cause of hepatic insulin resistance.'}}"
Choose the correct definition of diabetes based on the provided text and explain why the other options are incorrect.,"What is (are) Diabetes?

Type 1 diabetes, which used to be called juvenile diabetes or insulin-dependent diabetes, develops most often in young people. However, type 1 diabetes can also develop in adults. With this form of diabetes, your body no longer makes insulin or doesn't make enough insulin because your immune system has attacked and destroyed the insulin-producing cells. About 5 to 10 percent of people with diabetes have type 1 diabetes. To survive, people with type 1 diabetes must have insulin delivered by injection or a pump. Learn more about type 1 diabetes here. Learn more about type 1 diabetes here. Type 2 diabetes, which used to be called adult-onset diabetes or non insulin-dependent diabetes, is the most common form of diabetes. Although people can develop type 2 diabetes at any age -- even during childhood -- type 2 diabetes develops most often in middle-aged and older people. Type 2 diabetes usually begins with insulin resistance?a condition that occurs when fat, muscle, and liver cells do not use insulin to carry glucose into the body's cells to use for energy. As a result, the body needs more insulin to help glucose enter cells. At first, the pancreas keeps up with the added demand by making more insulin. Over time, the pancreas doesn't make enough insulin when blood sugar levels increase, such as after meals. If your pancreas can no longer make enough insulin, you will need to treat your type 2 diabetes. Learn more about type 2 diabetes here.

Options:
A) Diabetes is a metabolic disorder characterized by high blood sugar levels and mainly exists in two forms: Type 1, an autoimmune condition, and Type 2, which results from insulin resistance and insulin deficiency.
B) Diabetes is a temporary condition caused by consuming too much sugar, which can be reversed by avoiding carbohydrates.
C) Diabetes occurs only in older adults and is always caused by obesity.
D) Diabetes is a disease that affects only the pancreas and does not involve the immune system.","{'answer': 'A', 'explanation': {'B': 'Diabetes is not a temporary condition and is not solely caused by excessive sugar intake. While diet plays a role, diabetes involves metabolic and autoimmune processes that cannot simply be reversed by avoiding carbohydrates.', 'C': 'Diabetes can develop at any age, including childhood. Additionally, while obesity is a risk factor for Type 2 diabetes, it is not the sole cause, and Type 1 diabetes is an autoimmune condition unrelated to obesity.', 'D': 'Type 1 diabetes is an autoimmune disorder where the immune system attacks insulin-producing cells in the pancreas. Diabetes involves multiple organ systems, including the immune system, not just the pancreas.'}}"
Answer the question by combining information from multiple facts in the provided text.,"{'fact_1': 'People with diabetes are at least twice as likely as those without diabetes to have heart disease or a stroke.', 'fact_2': 'Diabetes increases fatty deposits in blood vessels, which can lead to atherosclerosis and increase the risk of heart disease.', 'fact_3': 'Heart attacks in people with diabetes are more severe and more likely to be fatal.', 'question': 'How does diabetes affect the risk of heart disease and stroke?'}","{'answer': 'Diabetes increases the risk of heart disease and stroke by at least doubling the likelihood compared to non-diabetic individuals. It also contributes to atherosclerosis by increasing fatty deposits in blood vessels, which can lead to clogged arteries and further elevate cardiovascular risks.'}"
Combine multiple pieces of information from the given text to determine the correct symptoms of diabetic mastopathy.,"{'fact_1': 'Diabetic mastopathy presents as hard, irregular, easily movable, discrete, painless breast masses.', 'fact_2': 'This condition can affect one or both breasts and is observed in both males and females.', 'fact_3': 'Breast lesions may not be palpable in some patients.', 'fact_4': 'Diabetic mastopathy commonly occurs in patients who have had insulin-requiring diabetes for over 15 years and often accompanies other complications such as thyroid, eye, and joint involvement.', 'question': 'What are the common symptoms of diabetic mastopathy?'}","{'answer': 'Hard, irregular, easily movable, discrete, painless breast mass(es).', 'justification': 'The text states that diabetic mastopathy is characterized by hard, irregular, easily movable, and discrete lumps in the breast that are painless. The condition can affect one or both breasts and may not always be palpable, further supporting the description of the symptoms.'}"
Use multiple facts from the given text to determine the best approach to reducing the risk of sexual and urologic problems in diabetes patients.,"{'fact_1': 'Managing blood glucose, blood pressure, and cholesterol levels according to healthcare provider recommendations lowers the risk of sexual and urologic problems.', 'fact_2': 'Engaging in regular physical activity and maintaining a healthy weight helps prevent long-term complications of diabetes.', 'fact_3': 'Quitting smoking reduces the risk of nerve damage, which can lead to sexual and urologic problems, as well as lowers the risk of heart attack, stroke, and kidney disease.', 'question': 'What steps can people with diabetes take to lower their risk of sexual and urologic problems?'}","{'answer': 'People with diabetes can reduce their risk of sexual and urologic problems by maintaining blood glucose, blood pressure, and cholesterol levels within the target range. Regular physical activity and a healthy weight further decrease the risk. Additionally, quitting smoking helps prevent nerve damage and lowers the chances of developing other diabetes-related complications.', 'justification': 'The text outlines three key preventive measures: (1) controlling blood glucose, blood pressure, and cholesterol; (2) engaging in physical activity and weight management; and (3) quitting smoking to reduce nerve damage and associated complications.'}"
Determine the sequence of events related to the patient's diabetic wound management based on the provided conversation.,"{'fact_1': 'The patient, who has type 2 diabetes and is on insulin therapy, reported a slow-healing foot wound.', 'fact_2': 'The doctor examined the wound and identified signs of infection, leading to a wound culture and initiation of antibiotic therapy.', 'fact_3': 'The doctor advised the patient to improve blood sugar control to support wound healing.', 'fact_4': 'Wound care instructions were given, including daily cleansing, application of antibiotic ointment, and sterile dressing changes.', 'fact_5': 'Offloading techniques were recommended to reduce strain on the affected foot.', 'fact_6': 'A follow-up appointment was scheduled to assess wound progress and consider advanced treatments if necessary.', 'question': 'What steps were taken in managing the patient?s diabetic wound, and in what order did they occur?'}","{'answer': ['1. The patient reported a slow-healing foot wound.', '2. The doctor examined the wound and noted signs of infection.', '3. A wound culture was ordered, and antibiotic therapy was initiated.', '4. The patient was advised to improve blood sugar control.', '5. Instructions were provided on proper wound care and dressing changes.', '6. Offloading techniques were recommended to prevent pressure on the wound.', '7. A follow-up appointment was scheduled to monitor progress.'], 'justification': ""The patient's wound management followed a logical sequence, starting with assessment and diagnosis, followed by treatment interventions such as antibiotics, wound care, and preventive measures. The final step involved scheduling a follow-up to ensure effective healing.""}"
Determine the recommended long-term diabetes management steps and their appropriate time intervals.,"{'fact_1': 'The patient is an 80-year-old male with insulin-dependent diabetes since childhood.', 'fact_2': 'The patient exercises regularly and follows a careful diet while taking insulin as prescribed.', 'fact_3': 'Blood glucose monitoring and lifestyle adjustments are essential for diabetes management.', 'fact_4': 'Yearly checkups for HbA1c, eye health, and kidney function are recommended.', 'question': 'What are the key diabetes management steps, and how often should they be performed?'}","{'answer': {'daily': 'Monitor blood sugar, take insulin, eat a balanced diet, exercise.', 'yearly': 'Check HbA1c, eye health, and kidney function.'}}"
Identify the causal relationship between the given chemical and disease based on the research text.,"{'fact_1': 'The study investigated the effects of CNSB002 and morphine in inflammatory and neuropathic pain models, including streptozotocin (STZ)-induced diabetic neuropathy.', 'fact_2': 'STZ was used to induce diabetic neuropathy in the study, meaning it plays a causal role in the development of the disease model.', 'fact_3': 'The research used STZ as a means to create a neuropathic condition, which was then tested for pain management effects of morphine and CNSB002.', 'question': ""What is the causal relationship between '[STZ, ChemicalEntity]' and '[diabetic neuropathy, DiseaseOrPhenotypicFeature]'?""}","{'answer': 'STZ is a causal agent in inducing diabetic neuropathy in the study model.', 'justification': 'The study explicitly states that STZ was used to create a model of diabetic neuropathy, indicating a direct causal link between the chemical and the disease. This suggests that STZ induces diabetic neuropathy rather than merely being associated with it.'}"
Determine the effects of gestational diabetes on fetal health by analyzing its causal impact.,"{'fact_1': 'Gestational diabetes leads to elevated blood glucose levels in the mother, which also affects the fetus.', 'fact_2': 'In response to high glucose levels, the fetal pancreas produces excess insulin.', 'fact_3': 'Excess insulin and glucose exposure can lead to macrosomia (a larger-than-normal baby), increasing the risk of birth complications.', 'fact_4': 'Newborns from mothers with gestational diabetes may experience neonatal hypoglycemia due to the sudden drop in glucose levels after birth.', 'fact_5': 'Exposure to gestational diabetes increases the long-term risk of obesity and type 2 diabetes in the child.', 'question': 'What are the causal effects of gestational diabetes on fetal development and health?'}","{'answer': 'Gestational diabetes raises fetal blood glucose levels, triggering excess insulin production. This can result in macrosomia, birth complications, neonatal hypoglycemia, and a higher risk of obesity and type 2 diabetes later in life.', 'justification': 'The provided facts indicate that gestational diabetes directly influences fetal glucose metabolism, leading to insulin overproduction, excessive growth, and metabolic risks.'}"
Analyze how different types of carbohydrates influence blood sugar levels and explain their effects.,"{'fact_1': 'Carbohydrates impact blood glucose levels based on their type and quantity.', 'fact_2': 'Refined carbohydrates like white bread and sugary snacks cause rapid spikes in blood sugar due to their quick digestion and low nutritional value.', 'fact_3': 'Whole grains, beans, vegetables, and fruits provide essential nutrients and digest more slowly, leading to a more stable blood sugar response.', 'fact_4': 'Other factors, such as physical activity, stress, and sleep, also contribute to blood sugar fluctuations.', 'fact_5': 'A well-balanced diet that includes non-starchy vegetables and careful meal planning supports long-term health and effective diabetes management.', 'question': 'How do different types of carbohydrates affect blood sugar levels, and what additional factors influence blood sugar management?'}","{'answer': 'Refined carbs rapidly increase blood sugar levels, whereas whole grains, beans, and vegetables provide a slower, more stable glucose response. Exercise, stress, and sleep also affect blood sugar, making balanced carb intake and meal planning crucial for diabetes management.', 'justification': 'Refined carbs digest quickly, causing spikes, while fiber-rich foods slow digestion and stabilize glucose. Lifestyle factors further influence blood sugar, requiring a comprehensive management approach.'}"
"Define the relationship between sleep duration and insulin resistance, and explain the underlying mechanisms based on the provided text.","{'fact_1': 'Sleep duration has decreased over the last several decades, with data suggesting a link between short sleep and the prevalence of type 2 diabetes.', 'fact_2': 'Forced sleep deprivation in healthy individuals has been associated with impaired glucose homeostasis.', 'fact_3': 'Obstructive sleep apnea (OSA), a sleep disorder causing intermittent hypoxia and sleep fragmentation, is linked to impaired glucose tolerance.', 'question': 'What is the relationship between sleep duration and insulin resistance, and what mechanisms explain this connection?'}","{'definition': 'Sleep duration plays a critical role in glucose homeostasis, with reduced sleep being linked to an increased risk of insulin resistance and type 2 diabetes.', 'explanation': 'Short sleep duration is associated with metabolic disruptions, including impaired glucose regulation and insulin resistance. Experimental studies show that forced sleep deprivation leads to glucose intolerance. Additionally, obstructive sleep apnea (OSA) contributes to insulin resistance through intermittent hypoxia and sleep fragmentation.'}"
Explain how gut microbiota influence insulin sensitivity and define the role of specific bacterial families in this process.,"{'fact_1': 'Gut microbiota are involved in metabolic regulation and play a key role in insulin resistance and sensitivity.', 'fact_2': 'Certain bacteria, such as those from the Lachnospiraceae family, are linked to increased fecal monosaccharides, lipid accumulation, and inflammation, contributing to insulin resistance.', 'fact_3': 'Bacteria from the Bacteroidales family have been associated with improved insulin sensitivity by reducing inflammation and monosaccharide accumulation.', 'fact_4': 'Modulating gut microbiota composition is being explored as a therapeutic approach for metabolic disorders, including insulin resistance.', 'question': 'What is the role of gut microbiota in insulin sensitivity, and how do specific bacterial families contribute to this process?'}","{'definition': 'Gut microbiota are microbial communities in the digestive system that influence metabolic processes, including insulin sensitivity and resistance.', 'explanation': 'Certain bacterial families have distinct effects on insulin regulation. Lachnospiraceae are linked to increased inflammation and insulin resistance, whereas Bacteroidales are associated with reduced inflammation and improved insulin sensitivity. Modulating gut microbiota composition could be a potential strategy for managing metabolic disorders.'}"
Complete the analogy by identifying a concept with a similar effect to the one described in the text.,"{'fact_1': 'Post-exercise protein intake has been studied for its potential role in mitigating hypoglycemia risk.', 'fact_2': 'A borderline significant reduction in time below range (TBR) was observed with increased protein intake after moderate-intensity continuous training (MICT).', 'fact_3': 'Although no strong association was found, the study suggests that increasing post-exercise protein intake might help prevent hypoglycemia.', 'question': 'Post-exercise protein intake may help prevent hypoglycemia, similar to how _____ helps stabilize blood sugar levels after fasting.'}",Carbohydrate consumption
Identify a similar drug that has comparable side effects to the given one.,"{'fact_1': 'Metformin commonly causes gastrointestinal discomfort.', 'fact_2': 'These side effects often subside over time as the body adjusts.', 'question': 'Metformin?s gastrointestinal side effects are similar to those caused by _____.'}",GLP-1 receptor agonists
Identify another health condition where diet plays a key role in management.,"{'fact_1': 'Diet helps regulate blood sugar levels in diabetes management.', 'fact_2': 'Balanced nutrition can prevent complications and improve overall health.', 'question': 'Just as diet is essential for managing diabetes, it is also crucial for managing _____.'}",Hypertension
Predict the impact of a lifestyle change on health based on the given scenario.,"{'fact_1': 'Exercise improves insulin sensitivity and helps regulate blood sugar levels.', 'fact_2': 'Physical activity supports weight management and reduces diabetes complications.', 'question': 'If a person with type 2 diabetes stopped exercising completely, what might happen to their blood sugar control?'}",Their blood sugar levels may rise due to reduced insulin sensitivity.
Predict the potential health effects of a specific dietary choice based on the given scenario.,"{'fact_1': 'A balanced diet with whole foods helps regulate blood sugar levels in diabetes.', 'fact_2': 'Consuming excessive sugary foods can cause blood sugar spikes and increase diabetes complications.', 'question': 'If a person with diabetes ate high-sugar foods daily without portion control, what would likely happen to their blood sugar levels?'}","Their blood sugar levels would likely spike, increasing the risk of complications."
Predict the impact of an external factor on a health condition based on the given scenario.,"{'fact_1': 'Stress triggers the release of hormones like cortisol and adrenaline, which can raise blood sugar levels.', 'fact_2': 'Chronic stress makes it harder for people with diabetes to manage their condition effectively.', 'question': 'If a person with diabetes experienced prolonged stress without any coping strategies, how might it affect their blood sugar levels?'}","Their blood sugar levels would likely rise, making diabetes management more difficult."
"Compare the two given statements and determine how they are related. Choose one of the following labels: 'similar', 'opposite', or 'unrelated'.","{'statement_1': 'Both insulin treatment and normalization of glycemia increase plasma leptin in diabetic rats.', 'statement_2': 'Plasma leptin levels in diabetic rats remain unaffected by insulin treatment and glycemic control.'}",opposite
"Analyze the relationship between two given medical conditions and classify their connection into one of the following categories: 'parent_of', 'sibling_of', 'child_of', or 'no_relation'.","{'fact_1': 'Diabetes mellitus and gestational diabetes are both related to glucose regulation issues, with gestational diabetes being a condition that occurs during pregnancy.', 'fact_2': 'This study investigates the frequency of diabetes mellitus in mothers of individuals diagnosed with gestational diabetes, exploring whether maternal diabetes may influence predisposition to gestational diabetes.', 'condition_1': 'diabetes mellitus', 'condition_2': 'gestational diabetes'}",parent_of
Answer whether the given medical claim is true or false based on scientific research and clinical evidence.,"{'claim': 'Proteinuria is associated with high systolic blood pressure, male sex, and proliferative retinopathy in diabetic patients.'}",Yes
Answer whether stress directly affects blood sugar levels based on the given information.,{'claim': 'Chronic stress can lead to elevated blood sugar levels due to the release of stress hormones like cortisol and adrenaline.'},Yes
Answer whether checking blood sugar levels at random times is recommended for diabetes management.,"{'claim': 'You should check your blood sugar before meals, before bedtime, and sometimes during the night, as advised by your healthcare provider.'}",No
Answer whether diabetes medications always cause weight gain in all patients.,"{'claim': 'Some diabetes medications like insulin and sulfonylureas may cause weight gain as a side effect, but this is not the case for everyone.'}",No
Classify the logical relationship between the given premise and hypothesis as 'entailment' or 'contradiction'.,"{'premise': 'Curcumin alleviates diabetic neuropathy in part by inhibiting oxidative stress mediated by NADPH oxidase in the spinal cord.', 'hypothesis': 'Curcumin reduces diabetic neuropathy symptoms through mechanisms unrelated to oxidative stress.'}",contradiction
Determine if the given hypothesis is logically consistent with the premise by choosing 'entailment' or 'contradiction'.,"{'premise': 'A decreased GLP-1 secretion may contribute to impaired insulin secretion in type 2 diabetes mellitus, whereas GIP and GLP-1 secretion is normal in type 1 diabetic patients.', 'hypothesis': 'Impaired insulin secretion in type 2 diabetes mellitus may be partially explained by a reduced GLP-1 response, while incretin secretion remains normal in type 1 diabetes.'}",entailment
Classify whether the hypothesis logically follows from the given premise about dietary effects on metabolism.,"{'premise': 'A high carbohydrate diet leads to augmented rates of glucose transport, oxidation, and lipogenesis, provided the animal can respond to the increased dietary carbohydrate with increased insulin secretion.', 'hypothesis': 'High carbohydrate intake increases glucose metabolism only when insulin secretion is enhanced.'}",entailment
Classify the relationship between the given premise and hypothesis as 'entailment' or 'contradiction' based on the logical consistency.,"{'premise': 'Bone calcium system abnormalities in diabetic ketoacidosis and acute metabolic acidosis behave in parallel, and the negative calcium balance in diabetic ketoacidosis is mainly caused by metabolic acidosis.', 'hypothesis': 'The negative calcium balance in diabetic ketoacidosis is caused primarily by diabetes-related factors rather than metabolic acidosis.'}",contradiction
Check if the two given statements convey the same meaning or not.,"{'statement_1': 'Diabetes-induced retinal vascular activation and injury are associated with increased arginase activity and expression, decreased bioavailable NO, and increased oxidative stress.', 'statement_2': 'Retinal vascular injury in diabetes is independent of arginase activity and NO bioavailability.'}",No
Determine if the two statements express the same idea or contradict each other.,"{'statement_1': 'In diabetic rats, glucose production and gluconeogenesis are increased in the postabsorptive state. Starvation decreases glucose production but increases gluconeogenesis. However, MIDA is not an appropriate method for measuring gluconeogenesis in this situation, and the kidneys contribute to glucose production in starved diabetic rats.', 'statement_2': 'MIDA is a reliable method for measuring gluconeogenesis in starved diabetic rats.'}",No
Determine if the two given statements are expressing the same idea or have no relation to each other.,"{'statement_1': 'Frequent diabetic ketoacidosis admissions can be related to complications from diabetic neuropathy.', 'statement_2': 'The patient has diabetic neuropathy, which may increase the risk of diabetic ketoacidosis.'}",Yes
"Classify the relationship between the two statements as 'contradiction', 'neutral', or 'entailment'.","{'statement_1': 'The patient has a history of diabetic nephropathy and chronic renal insufficiency.', 'statement_2': 'The patient has normal renal function.'}",Contradiction
"Classify the relationship between the two statements as 'contradiction', 'neutral', or 'entailment'.","{'statement_1': 'The patient has a history of diabetes, congestive heart failure, atrial fibrillation, coronary artery disease, and chronic renal failure.', 'statement_2': 'The patient has elevated creatinine levels (Cr).'}",Entailment
"Classify the relationship between the two statements as 'contradiction', 'neutral', or 'entailment'.","{'statement_1': 'The patient has a history of peripheral vascular disease, carotid disease, chronic renal insufficiency, and diabetes, and has been given a diet of thin liquids due to poor dentition.', 'statement_2': 'The patient had pneumonia.'}",Neutral
"Classify the logical relationship between the given premise and multiple hypotheses. Choose 'entailment' if the hypothesis logically follows from the premise, or 'contradiction' if it does not.","{'premise': 'Diabetes mellitus is a leading cause of end-stage renal disease (ESRD), necessitating renal replacement therapy such as hemodialysis, peritoneal dialysis, or kidney transplantation. Hemodialysis is the most common treatment, but patient survival is influenced by factors like age, left ventricular hypertrophy, arterial hypertension, and hypervolemia. Peritoneal dialysis (CAPD) is also widely used but has challenges such as glucose absorption and peritoneal membrane alterations. Renal transplantation remains the best long-term option, though many patients are kept on dialysis while waiting for a donor.', 'hypotheses': ['For diabetic patients with ESRD, peritoneal dialysis (CAPD) should be used initially if residual renal function exists.', 'Renal transplantation should be avoided for diabetic patients due to the risks of complications.', 'Hemodialysis is not effective for diabetic patients with ESRD.']}","['Entailment', 'Contradiction', 'Contradiction']"
"Classify the logical relationship between the given premise and multiple hypotheses. Choose 'entailment' if the hypothesis logically follows from the premise, or 'contradiction' if it does not.","{'premise': ""Sodium-glucose cotransporter 2 (SGLT2) inhibitors reduce the risk for kidney failure and are a key component of guideline-directed therapy for CKD. While SGLT2 inhibitors' ability to activate tubuloglomerular feedback and reduce hyperfiltration-mediated kidney injury is considered to be the central mechanism for kidney protection, recent data from experimental studies raise questions on the primacy of this mechanism. Other proposed mechanisms include optimization of kidney's energy substrate utilization, autophagy regulation, attenuation of sympathetic hyperactivity, and improvement in vascular health and microvascular function."", 'hypotheses': ['The ability of SGLT2 inhibitors to activate tubuloglomerular feedback is the only mechanism for their kidney-protective effects.', 'Autophagy regulation may play a significant role in the therapeutic effects of SGLT2 inhibitors.', ""SGLT2 inhibitors' effects are solely based on reducing hyperfiltration-mediated kidney injury.""]}","['Contradiction', 'Entailment', 'Contradiction']"
"Analyze the interaction between @DRUG1$ and @DRUG2$ in the sentence. Choose one category: 'DDI-effect', 'DDI-mechanism', 'DDI-advise', 'DDI-false', or 'DDI-int'.","Again, @DRUG1$ neutralized the increase in glycemia after @DRUG2$ overload both in diabetic and non-diabetic rats. What is the relationship between @DRUG1$ and @DRUG2$?",DDI-effect
"Determine the nature of the interaction between @DRUG1$ and @DRUG2$ in the given sentence. Select the most appropriate category: 'DDI-effect', 'DDI-mechanism', 'DDI-advise', 'DDI-false', or 'DDI-int'.","To study the pancreatic effects of other agents, dynamic insulin and glucagon release was measured from the in vitro perfused pancreases of normal and diabetic Chinese hamsters in response to various combinations of @DRUG1$ (20mM), glucose (100 or 150 mg. per 100 ml.), and @DRUG2$ (10 mM). What is the relationship between @DRUG1$ and @DRUG2$?",DDI-mechanism
"Determine whether there is a drug-drug interaction between @DRUG1$ and @DRUG2$ in the given sentence. Select the most appropriate category: 'DDI-effect', 'DDI-mechanism', 'DDI-advise', 'DDI-int', or 'DDI-false'.","Benzthiazide may interact with alcohol, @DRUG1$s, @DRUG2$ (allergy, cold, and sinus medicines), diabetic drugs, lithium, norepinephrine, NSAIDs like Aleve or Ibuprofen, and high blood pressure medications. What is the relationship between @DRUG1$ and @DRUG2$?",DDI-false
"Determine whether @DRUG1$ and @DRUG2$ interact based on the given sentence. Select the most appropriate category from: 'DDI-effect', 'DDI-mechanism', 'DDI-advise', 'DDI-int', or 'DDI-false'.","@DRUG1$ may interact with alcohol, blood thinners, @DRUG2$ (allergy, cold, and sinus medicines), diabetic drugs, lithium, norepinephrine, NSAIDs like Aleve or Ibuprofen, and high blood pressure medications. What is the relationship between @DRUG1$ and @DRUG2$?",DDI-int
"Assess whether certain drugs influence the hypoglycemic action of antidiabetics and provide relevant advice. Select the most appropriate category from: 'DDI-effect', 'DDI-mechanism', 'DDI-advise', 'DDI-int', or 'DDI-false'.","Certain drugs, including @DRUG_A$ (NSAIDs), salicylates, monoamine oxidase inhibitors, and non-selective beta-adrenergic-blocking agents may potentiate the hypoglycemic action of @DRUG_B$ and other oral antidiabetic drugs. Therefore, it is advisable to monitor blood sugar levels closely when these drugs are co-administered.",DDI-advise
"Identify and extract the relationships between entities in the sentence. If no relationship exists between the entities, label it as 'None'.",Heparan sulphate neutralized the increase in glycemia after streptozotocin-induced diabetic nephropathy in rats.,"[{'entity_1': 'heparan sulphate', 'entity_2': 'streptozotocin-induced diabetic nephropathy', 'relationship': 'Associated With'}, {'entity_1': 'heparan sulphate', 'entity_2': 'rats', 'relationship': 'Involved In'}, {'entity_1': 'streptozotocin-induced diabetic nephropathy', 'entity_2': 'rats', 'relationship': 'Affects'}]"
"Extract the relationships between entities in the given sentence. If no relationship exists, mark it as 'None'.",Two patients with type II diabetes mellitus developed an acute hepatitis-like syndrome soon after initiation of glyburide therapy.,"[{'entity_1': 'type II diabetes mellitus', 'entity_2': 'acute hepatitis-like syndrome', 'relationship': 'Developed From'}, {'entity_1': 'glyburide', 'entity_2': 'acute hepatitis-like syndrome', 'relationship': 'Induces'}, {'entity_1': 'patients', 'entity_2': 'type II diabetes mellitus', 'relationship': 'Has'}, {'entity_1': 'patients', 'entity_2': 'glyburide therapy', 'relationship': 'Receives'}]"
Extract the contextual relationship between drug entities in the given sentence. Focus on identifying how drugs interact or influence each other based on the context.,"In diabetic patients, the metabolic effects of androgens may decrease blood glucose and therefore, insulin requirements.","[{'drug_1': 'androgens', 'drug_2': 'insulin', 'relationship': 'decreases insulin requirements'}]"
"Identify the relationship between drug entities based on the context provided in the sentence. Look for how the drugs interact, influence, or alter each other's effects.","A direct causal relationship has not been established, but physicians should consider the possibility that diclofenac may alter a diabetic patient?s response to insulin or oral hypoglycemic agents.","[{'drug_1': 'diclofenac', 'drug_2': 'insulin', 'relationship': 'may alter response'}, {'drug_1': 'diclofenac', 'drug_2': 'hypoglycemic agents', 'relationship': 'may alter response'}]"
"Identify and extract the fine-grained relationship between the gene or protein and the disease. Choose the correct relationship type from ['Positive_Correlation', 'Negative_Correlation', 'Association'].","Title of the Paper: Genetic Variation at the Sulfonylurea Receptor, Type 2 Diabetes, and Coronary Heart Disease.
Abstract of the Paper: Despite widespread clinical use in the treatment of type 2 diabetes, the impact of sulfonylurea therapy on cardiovascular outcomes remains uncertain. Studies of naturally occurring genetic variation can be used to anticipate the expected clinical consequences of a pharmacological therapy. A common missense variant in the gene encoding a component of the sulfonylurea receptor (ABCC8 p.A1369S) promotes closure of the target channel of sulfonylurea therapy and is associated with increased insulin secretion, thus mimicking the effects of sulfonylurea therapy. Using individual-level data from 120,286 participants in the UK Biobank and summary association results from four large-scale genome-wide association studies, we examined the impact of this variant on cardiometabolic traits, type 2 diabetes, and coronary heart disease. The p.A1369S variant was associated with a significantly lower risk of type 2 diabetes (odds ratio [OR] 0.93; 95% CI 0.91, 0.95; P = 1.2 x 10(-11)). The variant was associated with increased BMI (+0.062 kg/m(2); 95% CI 0.037, 0.086; P = 8.1 x 10(-7)) but lower waist-to-hip ratio adjusted for BMI, a marker of abdominal fat distribution. Furthermore, p.A1369S was associated with a reduced risk of coronary heart disease (OR 0.98; 95% CI 0.96, 0.99; P = 5.9 x 10(-4)). These results suggest that, despite a known association with increased weight, long-term sulfonylurea therapy may reduce the risk of coronary heart disease.",Association
"Determine the relationship between a chemical and a disease based on the given medical text. Classify it into one of the following categories: ['Positive_Correlation', 'Negative_Correlation', 'Association'].","Title of the Paper: Risk of coronary artery disease associated with initial sulphonylurea treatment of patients with type 2 diabetes: a matched case-control study.
Abstract of the Paper: AIMS: This study sought to assess the risk of developing coronary artery disease (CAD) associated with initial treatment of type 2 diabetes with different sulphonylureas. METHODS: In type 2 diabetic patients, cases who developed CAD were compared retrospectively with controls that did not. The 20-year risk of CAD at diagnosis of diabetes, using the UKPDS risk engine, was used to match cases with controls. RESULTS: The 76 cases of CAD were compared with 152 controls. The hazard of developing CAD (95% CI) associated with initial treatment increased by 2.4-fold (1.3-4.3, P=0.004) with glibenclamide; 2-fold (0.9-4.6, P=0.099) with glipizide; 2.9-fold (1.6-5.1, P=0.000) with either, and was unchanged with metformin. The hazard decreased 0.3-fold (0.7-1.7, P=0.385) with glimepiride, 0.4-fold (0.7-1.3, P=0.192) with gliclazide, and 0.4-fold (0.7-1.1, P=0.09) with either. CONCLUSIONS: Initiating treatment of type 2 diabetes with glibenclamide or glipizide is associated with increased risk of CAD in comparison to gliclazide or glimepiride. If confirmed, this may be important because most Indian patients receive the cheaper older sulphonylureas, and present guidelines do not distinguish between individual agents.",Negative_Correlation
"Analyze the relationship between a chemical and a disease based on the provided text. Classify it into one of the following categories: ['Positive_Correlation', 'Negative_Correlation', 'Association'].","Title of the Paper: Studies of synergy between morphine and a novel sodium channel blocker, CNSB002, in rat models of inflammatory and neuropathic pain.
Abstract of the Paper: OBJECTIVE: This study determined the antihyperalgesic effect of CNSB002, a sodium channel blocker with antioxidant properties given alone and in combinations with morphine in rat models of inflammatory and neuropathic pain. DESIGN: Dose response curves for nonsedating doses of morphine and CNSB002 given intraperitoneally alone and together in combinations were constructed for antihyperalgesic effect using paw withdrawal from noxious heat in two rat pain models: carrageenan-induced paw inflammation and streptozotocin (STZ)-induced diabetic neuropathy. RESULTS: The maximum nonsedating doses were: morphine, 3.2 mg/kg; CNSB002 10.0 mg/kg; 5.0 mg/kg CNSB002 with morphine 3.2 mg/kg in combination. The doses calculated to cause 50% reversal of hyperalgesia (ED50) were 7.54 (1.81) and 4.83 (1.54) in the carrageenan model and 44.18 (1.37) and 9.14 (1.24) in the STZ-induced neuropathy model for CNSB002 and morphine, respectively (mg/kg; mean, SEM). These values were greater than the maximum nonsedating doses. The ED50 values for morphine when given in combination with CNSB002 (5 mg/kg) were less than the maximum nonsedating dose: 0.56 (1.55) in the carrageenan model and 1.37 (1.23) in the neuropathy model (mg/kg; mean, SEM). The antinociception after morphine (3.2 mg/kg) was increased by co-administration with CNSB002 from 28.0 and 31.7% to 114.6 and 56.9% reversal of hyperalgesia in the inflammatory and neuropathic models, respectively (P < 0.01; one-way analysis of variance-significantly greater than either drug given alone). CONCLUSIONS: The maximum antihyperalgesic effect achievable with nonsedating doses of morphine may be increased significantly when the drug is used in combination with CNSB002.",Positive_Correlation
Extract the named entities related to diseases and chemicals from the given sentence and categorize them.,"The association remained after additional adjustment for diabetes, cholesterol level, systolic blood pressure, or alcohol use.","[{'entity': 'diabetes', 'type': 'Disease'}, {'entity': 'cholesterol', 'type': 'Chemical'}, {'entity': 'alcohol', 'type': 'Chemical'}]"
Identify and extract the disease-related entities from the given sentence.,CONCLUSIONS: Results of these studies suggest that B1 and B2 receptors are engaged in transmission of nociceptive stimuli in both diabetic and toxic neuropathy.,"[{'entity': 'diabetic neuropathy', 'type': 'Disease'}, {'entity': 'toxic neuropathy', 'type': 'Disease'}]"
Extract and list all named entities mentioned in the given text.,"Gegen Qinlian Decoction (GGQLD) is one of the well-known traditional Chinese medicines. Recently, it was reported that GGQLD had good clinical effects on type 2 diabetes mellitus. However, few studies have confirmed in detail the anti-diabetic activities of GGQLD in vivo and in vitro. In the present study, we investigated the anti-diabetic effects of GGQLD in high-fat diet combined with streptozotocin-induced diabetic rats and in 3T3-L1 adipocytes. The present results suggested GGQLD (4.95, 11.55 and 18.15 g/kg) decreased significantly fasting blood glucose, glycosylated serum protein, and glycosylated hemoglobin of diabetic rats (p<0.05), and GGQLD (4.95 and 18.15 g/kg) decreased significantly fasting serum insulin levels of diabetic rats (p<0.05); in 3T3-L1 adipocytes, Gegen Qinlian Decoction-containing serum (GGQLD-CS) (4%, 8% and 16%) enhanced glucose consumption, triglyceride (TG) content, adiponectin protein concentration and the mRNA expression of adiponectin. Adiponectin contributes to the regulation of lipid and glucose metabolism, and can play a critical role in the development of diabetes mellitus; the mechanisms of action of GGQLD might be related to augmentation of adiponectin protein concentration and up-regulation of the mRNA expression of adiponectin. However, the multi-target mechanisms of action of GGQLD need to be clarified further. The present study further validated the beneficial effects of GGQLD as an anti-diabetic agent. These findings provide a new insight into the anti-diabetic application for GGQLD in clinic and display the potential of GGQLD as a new drug candidate for the treatment of diabetes mellitus.","streptozotocin, glucose, triglyceride"
Extract all inorganic and organic chemical substances from the text.,"The zebrafish (Danio rerio) was used to investigate protein expression in the liver following arsenic exposure. Several disorders have been linked to arsenic exposure, including cancer, diabetes, and cardiovascular disease.","sodium arsenite, arsenic, hydroxysteroid"
Extract the anatomical attributes of the given disease and identify its associated anatomical site.,"Title of the Paper: Relationship between diabetic retinopathy and retinal changes.
Abstract of the Paper: Neither the course of diabetic retinopathy nor the correlation between duration of diabetes mellitus and the manifestation of retinal changes differed from the findings in diabetics with normal ocular pressure. This study investigates the impact of diabetes on the retina and whether diabetic retinopathy leads to distinct anatomical manifestations.
Entity Information:
- { ""id"": ""C0011884"", ""name"": ""diabetic retinopathy"", ""pos"": [22, 42] }
- { ""id"": ""C0035298"", ""name"": ""retinal"", ""pos"": [126, 133] }","[{'entity': 'diabetic retinopathy', 'attribute': 'associated_anatomic_site', 'value': 'retina'}]"
Identify the anatomical attribute of the disease based on the provided text.,"Title of the Paper: Morphometric analysis of the pancreas in diabetes mellitus patients.
Abstract of the Paper: A description is given of the electron microscopic-morphometric findings obtained for the islets of Langerhans of the pancreas and for the glucagon-producing ? cells of one patient suffering from longstanding insulin-dependent diabetes mellitus (IDDM, type I diabetes), two patients with longstanding insulin-independent diabetes mellitus (NIDDM, type II diabetes), and one non-diabetic. The study examines structural changes in the pancreas associated with diabetes mellitus and its subtypes.
Entity Information:
- { ""id"": ""C0030274"", ""name"": ""pancreas"", ""pos"": [118, 126] }
- { ""id"": ""C0011849"", ""name"": ""diabetes mellitus"", ""pos"": [325, 342] }","[{'entity': 'pancreas', 'attribute': 'associated_with_disease', 'value': 'diabetes mellitus'}]"
Extract the developmental attributes between the two diseases based on the provided text.,"Title of the Paper: Incidence of Diabetes Mellitus and Impaired Glucose Tolerance Following Gestational Diabetes Mellitus.
Abstract of the Paper: We undertook this study to determine the incidence of diabetes mellitus (DM) and impaired glucose tolerance (IGT) after gestational diabetes mellitus (GDM). The objective was to examine whether individuals with a history of GDM have an increased risk of developing DM or IGT later in life.
Entity Information:
- { ""id"": ""C0011849"", ""name"": ""diabetes mellitus"", ""pos"": [54, 71] }
- { ""id"": ""C0085207"", ""name"": ""gestational diabetes mellitus"", ""pos"": [124, 153] }","[{'entity': 'gestational diabetes mellitus', 'attribute': 'can_lead_to', 'value': 'diabetes mellitus'}]"
Identify and extract all chemical and disease entities mentioned in the text.,"To evaluate the protective effects of ?-lipoic acid on the kidneys of Goto-Kakisaki (GK) diabetic rats, ten GK diabetic rats were randomly divided into a diabetic control group and a lipoic acid-treated diabetic group with ?-lipoic acid 35 mg·Kg-1 intraperitoneal injections. Four healthy Wistar rats served as normal controls. Malonaldehyde (MDA), ascorbic acid (vitamin C), vitamin E, glutathione (GSH), and superoxide dismutase (SOD) levels in renal homogenate, and urine protein excretion were measured. The expression of mRNA for NF-?B, NADPH oxidase subunits p22phox and p47phox in renal tissue was examined by realtime PCR.","[{'entity': '?-lipoic acid', 'type': 'Chemical'}, {'entity': 'Goto-Kakisaki (GK) diabetic rats', 'type': 'Disease'}, {'entity': 'Malonaldehyde (MDA)', 'type': 'Chemical'}, {'entity': 'ascorbic acid (vitamin C)', 'type': 'Chemical'}, {'entity': 'vitamin E', 'type': 'Chemical'}, {'entity': 'glutathione (GSH)', 'type': 'Chemical'}, {'entity': 'superoxide dismutase (SOD)', 'type': 'Chemical'}, {'entity': 'urine protein excretion', 'type': 'Physiological Condition'}, {'entity': 'NF-?B', 'type': 'Gene'}, {'entity': 'NADPH oxidase', 'type': 'Protein'}, {'entity': 'p22phox', 'type': 'Protein'}, {'entity': 'p47phox', 'type': 'Protein'}]"
Extract all biochemical markers (such as glucose and cholesterol) mentioned in the text.,"BACKGROUND: Coronary flow reserve (CFR) provides independent prognostic information in diabetic patients with known or suspected coronary artery disease. However, there have been no substantial data to evaluate CFR in prediabetics. Accordingly, we aimed to evaluate CFR in subjects with prediabetes using second harmonic transthoracic Doppler echocardiography. METHODS AND RESULTS: We measured CFR of 65 subjects with prediabetes, 45 patients with overt type 2 diabetes, and 43 sex and age matched normoglycemic healthy subjects with normal glucose tolerance. Ages, gender, existence of hypertension or hypercholesterolemia, smoking status were similar among the groups. CFR was significantly lower in diabetics (2.15±0.39) than in prediabetics (2.39±0.45) and controls (2.75±0.35); in addition, it was significantly lower in prediabetics than controls. Only 2 (5%) of control subjects had abnormal CFR (<2) but 11 (17%) prediabetic subjects and 19 (42%) diabetic patients had abnormal CFR. We found that only age (?=-0.31, P<0.01) and presence of the diabetes (?=-0.57, P<0.01) were significant predictors of lower CFR in a multivariable model that adjusted for other variables. CFR was significantly and inversely correlated with age (r=-0.15, P=0.04), fasting glucose level (r=-0.27, P=0.001), postprandial glucose level (r=0.43, P<0.001), hemoglobin A1C level (r=-0.34, P<0.001), LDL cholesterol level (r=0.22, P=0.009), mitral A velocity (r=-0.27, P=0.001) and Tei index (r=-0.19, P=0.02), whereas mitral E/A ratio, mitral Em (r=0.18, P=0.02), mitral Em/Am ratio (r=0.23, P=0.004) were significantly and positively correlated with CFR. CONCLUSION: CFR is impaired in subjects with prediabetics, but this impairment is not as severe as that in diabetics.","glucose, cholesterol"
Extract all biomedical entities related to diabetic nephropathy from the given sentence. Return the extracted entities as a comma-separated string.,"In conclusion, activation of the transcription factor NF-kappaB in ex vivo isolated peripheral blood mononuclear cells of patients with diabetes mellitus correlates with the degree of diabetic nephropathy.","NF-kappaB, peripheral blood mononuclear cells, diabetes mellitus, diabetic nephropathy"
Extract all biomedical entities related to type II diabetes and hormonal receptors from the given sentence.,Changes in levels of leucocytic estrogen receptor in patients with menopausal type II diabetes and its significance.,"leucocytic estrogen receptor, type II diabetes"
Identify and extract the key biomedical terms related to hormonal changes and type II diabetes from the given sentence. List the extracted terms as a comma-separated string.,Our data indicate that decrease of ER level in leukocytes may be related to the pathogenesis of type II diabetes in menopausal period.,"ER, leukocytes, type II diabetes"
"Provide personalized lifestyle management advice for a patient with Type 2 diabetes, considering their current condition and treatment suggestions.","Patient: I have Type 2 diabetes. My endocrinologist told me I don't have it, but a week later my eye doctor detected diabetes in my eyes. I will be seeing my primary doctor in late August to get more information. In the meantime, I want to wear copper-infused 'Miracle Socks' because I have bad knees and occasional swelling in my ankles and toes, which makes me limp and forces me to hold onto surfaces for balance. Will that be allowed?
Doctor: Hello, thanks for your query. Since you are diabetic and not taking your medication, your blood sugar may be out of control. Uncontrolled diabetes is a risk factor for several complications including heart disease and kidney problems. To properly diagnose diabetes, tests such as a fasting blood sugar, random blood sugar, or HbA1c are necessary. If your ophthalmologist detected diabetic retinopathy, this suggests that you may indeed have diabetes. Prediabetes can also lead to complications like retinopathy. Regarding your query about the copper-infused 'Miracle Socks', they are allowed in diabetics provided you maintain good foot hygiene. These socks are designed to improve circulation and reduce swelling, which can help with pain associated with conditions like varicose veins or fluid retention. However, it is best to discuss this with your local doctor for personalized advice.","Since you have Type 2 diabetes and potential complications like diabetic retinopathy, it is crucial to monitor your blood sugar levels regularly and take any prescribed medications. Regarding the copper-infused 'Miracle Socks', they are generally safe for diabetics, as they may help with swelling and circulation. However, ensure that you maintain proper foot hygiene and discuss their use with your primary doctor to ensure they suit your specific condition. Additionally, focus on a healthy diet, regular physical activity, and managing your stress to improve overall health."
Provide disease-specific monitoring and testing recommendations for a patient with diabetic neuropathy.,"Patient: Does Diabetic Neuropathy come on suddenly? My husband, who has had type 2 diabetes for over 25 years, started experiencing weakness in his legs and arms, tingling, and numbness in his hands and feet. He was recently diagnosed with Diabetic Neuropathy, but it seems to have developed quickly.
Doctor: Diabetic neuropathy is a common complication of diabetes, affecting up to 50% of patients with type 1 and type 2 diabetes. It is caused by long-term high blood sugar levels, which lead to peripheral nerve damage. Poor glycemic control over time contributes to this nerve dysfunction, and additional factors such as repetitive trauma can exacerbate the condition, increasing the risk of complications like ulcers and amputations.","For a patient with diabetic neuropathy, it is crucial to monitor blood sugar levels regularly to ensure optimal glycemic control. HbA1c should be measured every 3-6 months to track long-term glucose levels. Foot examinations should be performed regularly to detect any signs of nerve damage, ulcers, or infections. A neurological exam may also be conducted to assess the severity of the neuropathy and the need for further intervention. In addition, consider periodic checks for kidney function and cardiovascular health to manage the risk of complications."
"Provide medication-specific recommendations for a patient with Type 2 diabetes, considering their current condition and prescribed treatment.","Patient: I have Type 2 diabetes. My endocrinologist told me I don't have it, but a week later my eye doctor detected diabetes in my eyes. I will be seeing my primary doctor in late August to get more information. In the meantime, I want to wear copper-infused 'Miracle Socks' because I have bad knees and occasional swelling in my ankles and toes, which makes me limp and forces me to hold onto surfaces for balance. Will that be allowed?
Doctor: Hello, thanks for your query. Since you are diabetic and not taking your medication, your blood sugar may be out of control. Uncontrolled diabetes is a risk factor for several complications including heart disease and kidney problems. To properly diagnose diabetes, tests such as a fasting blood sugar, random blood sugar, or HbA1c are necessary. If your ophthalmologist detected diabetic retinopathy, this suggests that you may indeed have diabetes. Prediabetes can also lead to complications like retinopathy. Regarding your query about the copper-infused 'Miracle Socks', they are allowed in diabetics provided you maintain good foot hygiene. These socks are designed to improve circulation and reduce swelling, which can help with pain associated with conditions like varicose veins or fluid retention. However, it is best to discuss this with your local doctor for personalized advice.","Since you have Type 2 diabetes, it is crucial that you follow your doctor's advice and take the prescribed diabetes medications. As your blood sugar may be poorly controlled, it's important to regularly monitor your glucose levels and adjust medication doses accordingly. If you are not currently on a diabetes medication regimen, you should consult your primary doctor for a tailored treatment plan. It?s also essential to manage any complications, like diabetic retinopathy, by getting regular eye check-ups and possibly adjusting your treatment plan if needed. Make sure to discuss any additional therapies like copper-infused socks with your healthcare provider to ensure they are compatible with your treatment."
"Provide general health advice tailored to a patient with chronic pancreatitis and type 2 diabetes, considering their kidney function and current condition.","Patient: Yes, I just received some test results from my endocrinologist in the mail today. I am a type 2 diabetic but technically considered a type 1 because I have had chronic pancreatitis for 8 years and my whole pancreas is diseased?I produce no insulin & have to take Creon to eat. Anyway, my question is about what my kidney function results mean. It says U microalbumin conc is 85 & my U microalbumin/G creat is 86 can you tell me what this means about my kidneys?","Given your history of chronic pancreatitis and type 2 diabetes, it?s important to monitor your kidney function closely. The lab results showing microalbuminuria (U microalbumin conc of 85 and U microalbumin/G creat of 86) suggest early kidney damage, which is a common complication of diabetes. To prevent further damage, you should continue to control your blood sugar levels and blood pressure. It's also recommended to have regular follow-up tests, including kidney function tests, and consult with your healthcare provider for a personalized care plan. Additionally, consider lifestyle changes such as improving your diet, exercising, and maintaining a healthy weight to support overall kidney health."
"Provide a clinical recommendation based on the patient's symptoms, condition, and relevant risk factors. Include diagnostic tests and suggested management strategies.","Patient: I am a 58-year-old woman and I'm experiencing difficulty breathing. I don't have a history of asthma or pulmonary issues. I recently stopped taking my prescribed medication due to side effects, but I've never had breathing issues until now. I need to lose weight. What should I do?
Doctor: Thank you for sharing. Since you have a chronic condition, and symptoms like difficulty breathing can be influenced by your medical history and current health status, I suggest getting a full check-up. This should include heart function tests, lung function tests, and checking your existing condition to ensure your health risks are under control.","Clinical Recommendation: Based on your symptoms and medical history, it is recommended that you undergo diagnostic tests such as a full cardiac evaluation (ECG and echocardiogram) and pulmonary function tests to assess for heart or lung issues. Additionally, resuming prescribed medication and adopting a healthier lifestyle with a focus on weight loss and improved dietary habits could help manage your symptoms more effectively."
Provide a detailed and personalized response based on the patient's question and health condition. Include diagnostic steps and treatment suggestions.,"Patient: Hello, my father is diabetic and he did not take his tablets for 20 days due to poor appetite. We checked his blood and urine, and the doctor told us that both his kidneys are not working and that he needs dialysis. I would like to know whether it is acute or chronic kidney failure.
Doctor: Hello, thanks for your query. Your father is a known diabetic and has been on oral antidiabetic medication. Diabetic nephropathy is a known complication in patients with long-term diabetes. Involvement of the kidneys in diabetes is a very slow, progressive process that takes years to become clinically apparent. It is a case of chronic renal failure and needs further evaluation. Please consult a qualified nephrologist for a clinical examination and have the following tests done: 1) Urine routine and culture, 2) Ultrasound scanning of the abdomen and pelvis, 3) Renal function tests. Further treatment, including the need for dialysis, will be decided based on the results of these tests and your father's serum creatinine levels.","Doctor: Hello, thanks for your query. Based on your father's history as a diabetic and the typical progression of diabetic nephropathy, his kidney failure is most likely chronic. Diabetes usually causes a slow, progressive deterioration of kidney function over many years. Although missing his medication for 20 days may have worsened his condition temporarily, the underlying kidney failure is chronic. I recommend that you consult a qualified nephrologist for a thorough clinical examination. Please have a urine routine and culture, an ultrasound of the abdomen and pelvis, and renal function tests done to confirm the diagnosis and to determine the need for dialysis. Dr. Patil."
Generate a doctor-patient conversation based on the patient's medical summary and concerns. Provide detailed advice addressing the patient's question and concerns.,"The patient is a 58-year-old male with a history of pulmonary embolism, type 2 diabetes, overweight, and depression. He has shortness of breath, high cholesterol, and uncontrolled diabetes. His current medications include Coumadin, Flomax, Glipizide, Actos, Insulin, Januvia, Cymbalta, Wellbutrin, and Zocor. He reports shortness of breath when walking short distances, and seeks advice for better managing his health.","Doctor: Hello, how are you today?
Patient: I?ve been feeling short of breath, especially when walking even short distances. I also have uncontrolled diabetes and high cholesterol.
Doctor: I understand. It seems that your diabetes and cholesterol are not well-controlled, and your shortness of breath could be linked to those factors. I suggest reviewing your most recent lab results, especially your HbA1c, fasting glucose, and lipid levels. This will help me better understand your condition and tailor the treatment.
Patient: That sounds good. Should I expect any changes to my medications?
Doctor: Once we have the lab results, we may adjust your diabetes medications to improve control, as well as address your cholesterol levels. I also recommend incorporating dietary changes and physical activity, within your limits, to better manage your condition. We can discuss this further once we have your blood work. Please bring those in when you can.
Patient: I will do that. Thank you, doctor.
Doctor: You're welcome. We'll work together on this, and please feel free to ask any other questions."
Generate a doctor-patient conversation based on the patient's summary of symptoms and concerns. Address the question and provide necessary information about the management of the condition.,"The patient is 26 weeks pregnant with gestational diabetes, and this is her fifth pregnancy. She has a history of preterm labor and contractions. She is seeing a dietitian to modify her diet but is unable to exercise. She wants to know if diet control alone will cure her gestational diabetes before delivery.","Doctor: Hello, how are you feeling today?
Patient: I?ve been diagnosed with gestational diabetes, and I?m trying to manage it with diet. I can?t exercise due to previous pregnancy complications. Will controlling my diet alone cure the diabetes?
Doctor: Gestational diabetes is a common condition during pregnancy, and while diet modification is essential, it is usually not enough to completely control the condition. In most cases, additional treatments such as insulin or antidiabetic medications are required to keep blood sugar levels in check. It?s important to keep your glucose levels under control to avoid complications for you and your baby.
Patient: So, I will need medication along with diet control?
Doctor: Yes, you may need insulin or other medications to maintain optimal blood glucose levels. Your diet will definitely play a crucial role in managing your blood sugar, but regular monitoring and possible medication adjustments will be necessary. We will work closely to manage your condition and ensure the best outcome.
Patient: Thank you for clarifying that, doctor.
Doctor: You're welcome. Let?s monitor your condition closely and adjust your treatment as needed. If you have any other questions, feel free to reach out."
"Provide a response to a patient asking about symptoms of diabetes, offering practical advice based on their symptoms and family history.","Patient: I have been extremely busy and have forgotten to drink fluids and eat for an 8 hour stretch. Because of this, I've felt very light-headed and had headaches. I've noticed that my urine sometimes appears cloudy and has an occasional acidic smell, which goes away when I drink plenty of fluids. I also feel a bit jittery. I'm cutting back on sugar due to my fear of diabetes. On my mother's side, my grandfather, my mother, and my aunt all have type 2 diabetes. What are the symptoms of diabetes?","Doctor: Hi, it sounds like your symptoms improve with proper hydration, so they are most likely due to dehydration. However, given your strong family history of type 2 diabetes, you're at a higher risk for developing the condition. Common symptoms of diabetes include increased thirst, frequent urination, unexplained weight loss, and increased hunger. I recommend maintaining a balanced diet, drinking plenty of fluids, engaging in regular exercise, and scheduling regular screenings like an oral glucose tolerance test or HbA1c test to monitor your blood sugar levels."
Generate a concise and informative title summarizing the key points of the given passage.,"The aim of the present review was to clarify the association between obstructive sleep apnea (OSA) and type 2 diabetes, and discuss the therapeutic role of continuous positive airway pressure (CPAP) in type 2 diabetes.",Relationship Between Obstructive Sleep Apnea and Type 2 Diabetes and the Role of CPAP
Rewrite the given passage while maintaining its original meaning and clarity.,"Estimating the effect of a treatment on a given outcome, conditioned on a vector of covariates, is central in many applications. However, learning the impact of a treatment on a continuous temporal response, when the covariates suffer extensively from measurement error and even the timing of the treatments is uncertain, has not been addressed. We introduce a novel data-driven method that can estimate treatment-response trajectories in this challenging scenario. We model personalized treatment-response curves as a combination of parametric response functions, hierarchically sharing information across individuals, and a sparse Gaussian process for the baseline trend. Importantly, our model considers measurement error not only in treatment covariates, but also in treatment times, a problem which arises in practice for example when treatment information is based on self-reporting. In a challenging and timely problem of estimating the impact of diet on continuous blood glucose measurements, our model leads to significant improvements in estimation accuracy and prediction.","Assessing the impact of a treatment on an outcome while considering multiple covariates is crucial in various applications. However, accurately modeling treatment effects on continuous temporal responses becomes challenging when covariates contain significant measurement errors or when treatment timing is uncertain. We present a novel data-driven approach to estimate treatment-response trajectories under such conditions. Our method constructs personalized treatment-response curves by integrating parametric response functions with hierarchical information-sharing across individuals and a sparse Gaussian process for baseline trends. Notably, our model accounts for measurement errors in both treatment covariates and treatment timings, a common issue when treatment data is self-reported. When applied to the critical task of estimating dietary impact on continuous glucose monitoring data, our approach significantly enhances prediction accuracy and estimation reliability."
"Generate a true/false response based on the given statement about the relationship between cardiovascular autonomic dysfunction and glycemic control in type 2 diabetes, according to the provided study findings.","In a 7.5-year follow-up study, cardiovascular autonomic dysfunction was found to be unrelated to glycemic control in patients with type 2 diabetes. answer with true or false.",false
"Generate a comprehensive clinical note summarizing the patient?s history, lab findings, diagnosis, treatment plan, and follow-up recommendations based on the conversation below.","Doctor: Hello, how are you today? Patient: I'm okay, thank you. Doctor: Can you tell me what brought you in today? Patient: Well, I've been feeling a bit off lately. I've been drinking a lot of water and going to the bathroom a lot, and my vision has been blurry. I've also lost some weight. Doctor: Hmm, I see. Have you been experiencing any other symptoms? Patient: Not really, no. Doctor: Alright, let's run some tests to see what's going on. We'll start with an oral glucose tolerance test to check your glucose and insulin levels. Patient: Okay. [OGTT Results] Doctor: The results of your oral glucose tolerance test show that you have diabetes mellitus. Patient: Oh no. What does that mean? Doctor: It means that your body is not producing enough insulin to regulate your blood sugar levels, which is causing your symptoms. Patient: Is it type 1 diabetes? Doctor: No, the tests for type 1 diabetes-associated antibodies were all negative. Doctor: Your HbA1c level was 3.6% and your glycated albumin was 16.3%, which is slightly above the normal range. Your total bilirubin was 38.7 umol/L and direct bilirubin was 11.6 umol/L, which is also slightly elevated. Patient: Hmm. Doctor: The other laboratory tests, including your ALT, albumin, and renal function test, were all within the normal range. Doctor: After diagnosing you with diabetes mellitus, I prescribed nateglinide to control your hyperglycemia. Patient: Okay. Doctor: In recent years, your HbA1c level has been found to be repeatedly reduced, while your level of GA remained high. Your Hemoglobin and albumin were still in the normal range, and your bilirubin level was found to be slightly elevated. Patient: Hmm. Doctor: We also screened you for diabetic complications, including a fundus examination, renal ultrasound, cardiac ultrasound, lower limb artery ultrasound, 24 h urine protein, and urine albumin-to-creatinine ratio, and no abnormalities were found. However, your carotid ultrasound showed the presence of atherosclerotic plaques. Patient: Oh no. Doctor: Your past medical history shows that you have suffered from keratoconjunctivitis sicca for 10 years and carotid atherosclerosis for 3 years. Your family history also shows that your mother suffered from diabetes mellitus with a similarly low HbA1c level and slightly decreased Hgb. Patient: Hmm. Doctor: I recommend that you continue taking your medication and monitor your blood sugar levels regularly. It's also important to maintain a healthy diet and exercise regularly to prevent diabetic complications. Patient: Alright, I will do that. Thank you, doctor. Doctor: You're welcome. If you have any questions or concerns, don't hesitate to come back and see me.","Clinical Note:

Patient: 57-year-old female
Date: 2010 (initial diagnosis) and follow-up in recent years

Chief Complaint: Patient presented with mild polydipsia, polyuria, blurred vision, and weight loss.

History of Present Illness: The patient, a 57-year-old female, reported symptoms of excessive thirst, frequent urination, blurred vision, and weight loss. An oral glucose tolerance test confirmed the diagnosis of diabetes mellitus. Initial lab results revealed an HbA1c of 3.6% and glycated albumin (GA) of 16.3% (within near-normal range for GA), with slightly elevated total and direct bilirubin levels. Tests for type 1 diabetes-associated antibodies (ICA, GAD, IAA, IA2A) were negative, supporting a diagnosis of non-autoimmune diabetes.

Past Medical History: 
- Keratoconjunctivitis sicca for 10 years
- Carotid atherosclerosis for 3 years

Family History: 
- Mother with diabetes mellitus, noted to have a similarly low HbA1c (3.4%) and mildly decreased hemoglobin levels.

Laboratory & Imaging Studies:
- OGTT confirmed diabetes mellitus.
- HbA1c has been consistently reduced over recent years, though GA remains high.
- Liver enzymes (ALT), albumin, and renal function tests are within normal limits.
- Carotid ultrasound revealed atherosclerotic plaques; other diabetic complication screenings (fundus exam, renal, cardiac, lower limb artery ultrasounds, 24-hour urine protein, urine albumin-to-creatinine ratio) were normal.

Treatment: 
- Nateglinide prescribed to control hyperglycemia.

Plan & Recommendations: 
- Continue current medication regimen.
- Regular monitoring of blood glucose levels.
- Maintain a healthy diet and exercise routinely to prevent diabetic complications.
- Follow-up appointments to monitor potential progression of vascular changes and other complications.

Assessment: 
The patient?s clinical findings and lab results are consistent with diabetes mellitus with a stable metabolic profile, though there is evidence of vascular changes as indicated by carotid plaque formation."
"Using the following doctor-patient dialogue, create a clinical note that summarizes the patient's demographic details, chief complaints, medical history, examination findings, laboratory results, and the treatment plan discussed.","Doctor: Hello, how are you today? Patient: I'm okay, thank you. Doctor: Can you tell me what brought you in today? Patient: I've been feeling off lately with frequent hot flushes, night sweats, palpitations, decreased libido, dyspareunia, and vaginal dryness with itching. My menstrual cycles have been irregular with scanty flow over the past 4 years. Doctor: I see. I also note you have a history of type II diabetes for 5 years, hypothyroidism, and you're a chronic smoker. Your BMI is 27 and blood pressure is 120/76 mmHg. Additional findings include a history of vaginal candidiasis, dyslipidemia, established spinal osteoporosis, and carotid atherosclerosis. Family history reveals diabetes in both parents and a maternal history of myocardial infarction. Based on your symptoms and history, I recommend menopausal hormone therapy (MHT) to alleviate your severe menopausal symptoms while continuing to manage your diabetes. I'll prescribe MHT and follow up in one month to assess your progress. Patient: Thank you, doctor.","Clinical Note:

Patient: Mrs. ST, 52-year-old female

Chief Complaint: Severe menopausal symptoms including frequent hot flushes, night sweats, palpitations, decreased libido, dyspareunia, and significant vaginal dryness with itching; history of irregular menstrual cycles with scanty flow.

History of Present Illness: Patient presents with worsening menopausal symptoms that have significantly impaired her quality of life. She reports onset of symptoms over the past few years, which have become increasingly bothersome.

Past Medical History:
- Type II diabetes mellitus (5 years, suboptimal control with HbA1c of 7.5%)
- Long-standing hypothyroidism
- Dyslipidemia
- Established osteoporosis of the spine
- History of vaginal candidiasis
- Carotid atherosclerosis (documented 3 years ago)

Family History:
- Both parents with diabetes; mother had myocardial infarction and diabetes (with low HbA1c and mildly decreased hemoglobin levels)

Social History:
- Chronic smoker
- Obstetric history: Three full-term normal deliveries; all offspring overweight

Examination & Vital Signs:
- BMI: 27
- Blood Pressure: 120/76 mmHg
- No other significant abnormal findings

Investigations:
- Laboratory tests: Normal ALT, albumin, and renal function; slightly elevated bilirubin levels
- Diabetic complications screening: Normal fundus, renal, cardiac, and lower limb artery ultrasounds; 24-hour urine protein and albumin-to-creatinine ratio normal; carotid ultrasound shows atherosclerotic plaques

Assessment & Plan:
- Diagnosis: Menopausal symptoms in a patient with type II diabetes and multiple comorbidities
- Treatment: Initiation of menopausal hormone therapy (MHT) to alleviate menopausal symptoms, with ongoing monitoring of blood glucose and overall health.
- Recommendations: Continue current diabetes and thyroid medications, adhere to a healthy diet and exercise regimen, and schedule follow-up in one month to assess response to MHT and monitor glycemic control."
"Generate a concise clinical note summarizing the patient's history, treatments, and outcome from the conversation below.","Patient 1 was a 30-year-old woman with congenital generalized lipodystrophy (CGL) diagnosed at 6 months old and later diabetes at age 13. She had poor glycemic control, hypertriglyceridemia, and episodes of pancreatitis. She was treated with insulin, metformin, ciprofibrate, enalapril for diabetic nephropathy, and methimazole for subclinical hyperthyroidism. Over the years, she developed proliferative diabetic retinopathy, peripheral neuropathy, autonomic dysfunction, and eventually a diabetic foot ulcer that progressed to necrotizing. In a detailed conversation, the doctor discussed her medical history, treatment adjustments, and the need for strict diet and follow-up. Tragically, despite treatment, she developed sepsis from her necrotizing foot ulcer and passed away.","Clinical Note:
Patient: 30-year-old female with a history of congenital generalized lipodystrophy (CGL) and diabetes diagnosed at age 13.
Key History: Poor glycemic control with hypertriglyceridemia; episodes of pancreatitis; longstanding metabolic complications including diabetic nephropathy, subclinical primary hyperthyroidism, proliferative diabetic retinopathy, peripheral neuropathy, and autonomic dysfunction.
Treatments: Adjusted insulin dosing, metformin, ciprofibrate, enalapril, and methimazole. Advised on strict dietary adherence and regular follow-up.
Outcome: Patient developed a necrotizing diabetic foot ulcer leading to sepsis and ultimately passed away."
"Based on the following doctor-patient conversation, generate a clinical note summarizing the patient's demographics, history, treatments, examination findings, and the follow-up plan.","Doctor: Good morning, sir. How can I help you today?
Patient: Good morning. I have diabetes and I came here to recover my renal function with herbal medicine.
Doctor: I see. Can you tell me more about your medical history?
Patient: I was diagnosed with type 2 diabetes at another hospital and I've been taking oral hypoglycemic agents since 1984. I suffered a stroke in 2000, after which my blood glucose became poorly controlled and I was switched to insulin therapy. Later, diabetic retinopathy was detected and treated with laser photocoagulation and calcium dobesilate 250 mg/day. In 2011, I underwent amputation of my right second and third toes due to diabetic foot ulcers. In January 2012, I discontinued insulin because of repeated hypoglycemic events and resumed oral therapy with sitagliptin 100 mg/day and metformin 500 mg/day. In November 2013, I was diagnosed with stage 3 diabetic nephropathy and started on Perindopril, which failed to improve my kidney function.
Doctor: Can you tell me your current weight, height, and waist measurements?
Patient: My weight is 68 kg, height is 170 cm, and my waist is 86.36 cm.
Doctor: Based on your long history of diabetes and its complications, it seems that despite multiple treatments, your renal function remains suboptimal. I will examine you and run some tests to see how we can improve your kidney function. Meanwhile, please continue with your current medications and lifestyle modifications. I will also prescribe some herbal medicine and schedule a follow-up in one month.
Patient: Okay, thank you, doctor.
Doctor: You're welcome. Please make sure to come back for your follow-up.","Clinical Note:

Patient: 62-year-old male

Presenting Complaint: Seeking improvement of renal function using herbal medicine.

History of Present Illness: The patient, with a longstanding history of type 2 diabetes diagnosed in 1984, presents with complications including diabetic retinopathy, diabetic foot ulcers (with partial toe amputation in 2011), and stage 3 diabetic nephropathy. He experienced a stroke in 2000, leading to a period of poor glycemic control that necessitated a switch from oral hypoglycemic agents to insulin therapy. Due to recurrent hypoglycemic events, insulin was discontinued in January 2012 and oral therapy (sitagliptin 100 mg/day and metformin 500 mg/day) was resumed. In November 2013, diabetic nephropathy was diagnosed and treatment with Perindopril was initiated without improvement in renal function.

Past Medical History:
- Type 2 Diabetes Mellitus (diagnosed 1984)
- Stroke in 2000
- Diabetic Retinopathy (managed with laser photocoagulation and calcium dobesilate 250 mg/day)
- Diabetic Foot Ulcers with amputation of right second and third toes in 2011
- Diabetic Nephropathy (Stage 3 CKD, diagnosed November 2013)
- Hypertension and Dyslipidemia (as per previous records)

Social History: Not fully detailed; previous history of management at another hospital.

Vital Signs & Measurements:
- Weight: 68 kg, Height: 170 cm, Waist: 86.36 cm

Assessment:
The patient has a complex history of long-term type 2 diabetes with multiple complications, including poor renal function despite standard treatment. His current regimen includes oral hypoglycemic agents and Perindopril, but his renal function remains suboptimal.

Plan:
- Continue current medications and lifestyle modifications (diet, exercise).
- Initiate herbal medicine therapy aimed at improving renal function.
- Order further laboratory tests and renal function studies to assess current status.
- Schedule a follow-up appointment in one month to review test results and adjust the treatment plan as needed.

Summary:
A 62-year-old male with long-standing type 2 diabetes and multiple complications seeks alternative treatment to improve renal function. The plan includes continuation of current therapy, initiation of herbal medicine, and close monitoring of renal parameters."
"Summarize the doctor-patient conversation by extracting the patient's main complaints, medical history, and the doctor's planned next steps.","Doctor: Good morning, can you tell me what brings you here today?
Patient: I've been experiencing pain, weakness, and stiffness in my bilateral proximal upper extremities and upper back for the past three days. The pain started as moderate but became excruciating over a week, with restricted shoulder movement and swelling.
Doctor: Can you tell me about your medical history?
Patient: I have a 12-year history of poorly controlled type 2 diabetes on insulin therapy. I also have diabetic neuropathy, diabetic nephropathy, and had my right toe amputated due to peripheral arterial disease. Additionally, I have hypertension and dyslipidemia. I don't have any history of trauma, unusual exercise, fever, or nausea. I also have a history of excessive alcohol consumption for 2 years. I am currently unemployed due to complications from my diabetes; I used to work as an electrician. My family history is positive for type 2 diabetes in my mother, father, and only sibling.
Doctor: What are your vital signs and exam findings?
Patient: My blood pressure is 98/56 mmHg, pulse rate is 94 bpm, respiratory rate is 20 bpm, and temperature is 36.4°C with an oxygen saturation of 97%. My BMI is 24.6 kg/m². On exam, fundoscopic evaluation revealed moderate bilateral preproliferative diabetic retinopathy. My neck is supple with no carotid bruits, and my cardiac exam shows mild tachycardia with a regular rhythm and no abnormal sounds. My lungs are clear and my abdomen is normal. My bilateral upper extremities show nonpitting edema with localized tenderness and swelling.
Doctor: Based on your symptoms and exam, I suspect you have diabetic peripheral neuropathy. I will order some tests to confirm the diagnosis and schedule a follow-up in one week. Meanwhile, please continue your current medications and adhere to lifestyle modifications.
Patient: Okay, thank you.
Doctor: You're welcome. Please ensure you come back for your follow-up.","The patient, a 49-year-old male, presents with pain, weakness, and stiffness in his bilateral upper extremities and upper back for 3 days. He has a 12-year history of poorly controlled type 2 diabetes, with complications including diabetic neuropathy, diabetic nephropathy, hypertension, and peripheral arterial disease. On examination, he has bilateral upper extremity swelling, and fundoscopic examination reveals preproliferative diabetic retinopathy. The doctor suspects diabetic peripheral neuropathy, orders diagnostic tests, and schedules a follow-up in one week. The patient is advised to continue current medications and lifestyle modifications."
"Based on the clinical note provided below, generate a realistic doctor-patient conversation that covers the patient?s history, genetic findings, current treatment, and the pregnancy management plan.","Clinical Note: Patient ISS S is a 19-year-old pregnant woman at 19 weeks gestation with a known HNF-1? mutation causing MODY 3 diabetes, diagnosed at age 11 after presenting with recurrent mucosal candidiasis and mild postprandial hyperglycemia. In addition to a confirmed pathogenic mutation, she has a second HNF-1? missense variant of uncertain significance. Initially managed with the sulfonylurea gliclazide, she was later switched to insulin therapy due to increasing hyperglycemia. The father of the fetus has MODY 2, diagnosed at age 9 following persistent mild hyperglycemia and a strong family history of diabetes. Genetic testing confirmed his MODY 2 status. Given the autosomal dominant inheritance of MODY, there is a 25% chance for each of the following outcomes in the fetus: no MODY, MODY 2 only, MODY 3 only, or compound heterozygous mutations (both MODY 2 and MODY 3). The pregnancy management plan includes biweekly growth scans starting at 24 weeks and fortnightly reviews in a combined obstetric and diabetes clinic, with an individualized target of maintaining fasting glucose below 5 mmol/L.","Doctor: Good morning, Miss S. How are you feeling today?
Patient: I'm feeling okay, thank you.
Doctor: I see you're 19 weeks pregnant and have a history of MODY 3 diabetes caused by an HNF-1? mutation. Can you tell me a bit about how your condition was first discovered?
Patient: Sure. I was first diagnosed when I was 11, after I had several episodes of mucosal candidiasis and mild spikes in blood sugar after meals. My doctors suspected MODY and genetic testing confirmed the HNF-1? mutation. They also found another variant, but they aren?t sure about its significance.
Doctor: I understand. I also note that you were initially treated with gliclazide, but as your blood sugar increased, you were switched to insulin. Is that right?
Patient: Yes, that's correct.
Doctor: And what about the father of your baby? I see he has a history of MODY 2.
Patient: Yes, he was diagnosed at age 9 with MODY 2, and his genetic testing confirmed it.
Doctor: Given that both forms of MODY are inherited in an autosomal dominant pattern, we?ve calculated that there?s a 25% chance for each of the following outcomes in your child: no MODY, MODY 2 only, MODY 3 only, or a compound condition with both MODY 2 and MODY 3.
Patient: That?s a lot to take in, but I understand the risks.
Doctor: To monitor your pregnancy closely, we?ll start biweekly growth scans at 24 weeks and have you reviewed every two weeks in our combined obstetric and diabetes clinic. Our general goal is to keep your fasting blood glucose below 5 mmol/L.
Patient: That sounds reassuring. I appreciate the detailed plan.
Doctor: Great. Please continue with your current medications and lifestyle modifications, and let us know if you have any concerns before your next appointment.
Patient: I will. Thank you, doctor.
Doctor: You?re welcome. Take care and we?ll see you soon."
Summarize the relationship between lipid accumulation product (LAP) and various metabolic health factors in type 2 diabetic patients.,"Lipid accumulation product (LAP) is a novel biomarker of central lipid accumulation related to the risk of diabetes and cardiovascular disease. In this study, we assessed the association of LAP with glucose homeostasis, lipid and lipid peroxidation, and subclinical systemic inflammation in diabetic patients. Thirty-nine male and 47 female type 2 diabetic patients were assessed for anthropometrics and biochemical measurements. LAP was calculated as [waist circumference (cm)-65]×[triglycerides (mmol/L)] in men, and [waist circumference (cm)-58]×[triglycerides (mmol/L)] in women. Associations of LAP with fasting glucose, insulin, insulin resistance index, lipid and lipoprotein levels, malondialdehyde, and high-sensitive C-reactive protein (hs-CRP) were assessed. Mean age and LAP index were 53.6±9.6 and 51.9±31.2 years, respectively. After adjustments for age, sex and body mass index status, a significant positive correlation was observed between LAP index and fasting glucose (r=0.39, P<0.001), and homeostasis model assessment of insulin resistance (r=0.31, P<0.05). After additional adjustment for fasting glucose levels, antidiabetic and antilipidemic drugs, the LAP index was also correlated to total cholesterol (r=0.45, P<0.001), high density lipoprotein cholesterol (HDL-C) levels (r=-0.29, P<0.05), triglycerides to HDL-C ratio (r=0.89, P<0.001), malondialdehyde (r=0.65, P<0.001), and hs-CRP levels (r=0.27, P<0.05).","The study investigates the relationship between lipid accumulation product (LAP) and various metabolic markers in type 2 diabetes. LAP, a biomarker of central lipid accumulation, correlates with several metabolic factors including fasting glucose, insulin resistance, lipid levels, malondialdehyde, and systemic inflammation markers like hs-CRP. After adjusting for age, sex, and BMI, LAP showed significant positive correlations with fasting glucose and insulin resistance index. Further adjustments indicated LAP?s association with total cholesterol, HDL-C, triglycerides to HDL-C ratio, malondialdehyde, and hs-CRP levels."
Summarize the relationship between diabetes mellitus and gestational diabetes based on the given text.,"Title of the Paper: Frequency of diabetes mellitus in mothers of probands with gestational diabetes: possible maternal influence on the predisposition to gestational diabetes. Abstract of the Paper: This study investigates the frequency of diabetes mellitus in mothers of individuals diagnosed with gestational diabetes. The research explores whether maternal diabetes may influence the predisposition to gestational diabetes, suggesting a potential genetic or environmental link between the two conditions.",The study suggests a potential genetic or environmental link between maternal diabetes mellitus and the predisposition to gestational diabetes.
"Based on the patient's medical history and current presentation, provide a diagnosis and treatment recommendation.","Doctor: Hello, how are you feeling today? 
Patient: I'm okay, but I've been struggling with managing my blood sugar. I've been diagnosed with type 2 diabetes, and my HbA1c is at 8.5%. I've also been told I have non-alcoholic fatty liver disease. 
Doctor: I see. How are you managing both of these conditions right now? 
Patient: I?m on metformin and atorvastatin. I also have a BMI of 32 and mild hepatic fibrosis according to my last elastography. 
Doctor: Given your BMI, HbA1c level, and liver health, it?s important to optimize both your glycemic control and liver function. I?d suggest considering a GLP-1 receptor agonist like semaglutide or an SGLT2 inhibitor like empagliflozin to help manage your blood sugar and promote weight loss. Additionally, pioglitazone may be helpful for your liver condition, although it could lead to some weight gain. Regular monitoring of liver function and cardiovascular risk factors will also be essential.","{'diagnosis': 'Type 2 Diabetes Mellitus with Non-Alcoholic Fatty Liver Disease (NAFLD)', 'treatment_recommendation': ['Consider starting a GLP-1 receptor agonist (e.g., semaglutide) or SGLT2 inhibitor (e.g., empagliflozin) to manage blood sugar levels and promote weight loss.', 'Consider pioglitazone for its benefits in treating NAFLD, but be mindful of possible weight gain.', 'Regular monitoring of liver function, fibrosis progression, and cardiovascular risk factors is essential.', 'Continue current medications (metformin and atorvastatin).', 'Encourage lifestyle modifications, including weight management through diet and exercise.']}"
Provide an explanation of the mechanisms through which a given drug provides protective effects against a specific disease based on the conversation.,"Doctor: Hello, how are you today?
Patient: I'm okay, thank you. Doctor: How have you been managing your type 2 diabetes?
Patient: I've been taking metformin as prescribed by my previous doctor, but I'm also concerned about my liver health. I was recently diagnosed with nonalcoholic fatty liver disease (NAFLD) and I'm worried about further complications.
Doctor: Metformin is an excellent choice for diabetes management, and it may also provide some protective effects for the liver. Studies have shown that metformin helps reduce the risk of liver damage associated with NAFLD. I can explain how it works.
Patient: Please, I'd like to know more.
Doctor: Metformin works through several mechanisms: It activates AMP-activated protein kinase (AMPK), improving insulin sensitivity and reducing liver fat accumulation. It also reduces glucose production in the liver, which decreases the burden on the liver and reduces inflammation. Moreover, metformin may help in preventing liver fibrosis and even reduce the risk of liver cancer. These effects together make it beneficial not just for controlling blood sugar, but also in managing liver-related complications in diabetic patients.","Metformin provides protective effects against liver diseases like nonalcoholic fatty liver disease (NAFLD) and hepatocellular carcinoma (HCC) through multiple mechanisms. It activates AMP-activated protein kinase (AMPK), which improves insulin sensitivity and reduces hepatic fat accumulation. Additionally, it decreases hepatic gluconeogenesis, reducing oxidative stress and inflammation. Metformin also suppresses liver fibrosis and may reduce the risk of liver cancer by modulating immune cell function. These combined effects help protect the liver in patients with diabetes."
"Provide an explanation of the potential health risks based on a patient's medical history and test results, particularly focusing on the disease diagnosis.","Doctor: Hello, how have you been feeling lately?
Patient: I've been feeling a bit sluggish, and I noticed that I've gained some weight recently. My blood sugar levels seem to be creeping up as well. Doctor: I see. Have you had any recent tests? Patient: Yes, I had some liver function tests and a HOMA-IR test last week. My ALT was 45 U/L, AST was 38 U/L, GGT was 55 U/L, and my HOMA-IR was 3.8. Doctor: Based on these results, it seems you might be at a higher risk for insulin resistance. Let me explain how your results relate to your overall health. Insulin resistance often goes hand in hand with elevated liver enzyme levels and a higher HOMA-IR. This condition can increase your risk for developing type 2 diabetes, heart disease, and fatty liver disease. We should focus on improving your metabolic health with some changes to your diet and exercise habits.","The patient's elevated liver enzymes (ALT, AST, GGT) and high HOMA-IR index indicate an increased risk of insulin resistance. Insulin resistance is a condition where the body's cells do not respond effectively to insulin, which can lead to higher blood sugar levels. This condition is strongly associated with metabolic disorders like type 2 diabetes, cardiovascular disease, and nonalcoholic fatty liver disease (NAFLD). Addressing insulin resistance through lifestyle changes such as a balanced diet, regular physical activity, and weight management is crucial to reduce the risk of these complications."
"Based on the patient's symptoms and medical history, propose a therapeutic strategy for managing their condition.","Doctor: Hello, how have you been feeling lately?
Patient: I've been feeling very fatigued, and I've noticed that I'm always thirsty. My doctor recently told me I have type 2 diabetes. I've been prescribed metformin, but my blood sugar is still high. Doctor: I see. In addition to metformin, we can consider adding therapies that target hepatic glucose production. Excessive glucose production from the liver is a major contributor to high blood sugar levels in type 2 diabetes. Let me explain a potential strategy.
Patient: That sounds interesting. What would you recommend?
Doctor: We can target the liver's glucose production by using medications that inhibit key enzymes involved in gluconeogenesis, like PEPCK or G6Pase. These inhibitors will reduce excessive glucose production and help bring your blood sugar levels down. Additionally, we might consider using glucokinase activators (GKAs) to enhance glucose uptake and storage in the liver, which can also contribute to better glycemic control. This combination may work alongside metformin for more effective treatment.","A therapeutic strategy for managing type 2 diabetes with a focus on hepatic glucose metabolism includes inhibiting key enzymes involved in gluconeogenesis, such as phosphoenolpyruvate carboxykinase (PEPCK) and glucose-6-phosphatase (G6Pase), which can reduce excessive glucose production from the liver. Additionally, using glucokinase activators (GKAs) to enhance hepatic glucose uptake and storage can improve glycemic control. Combining these strategies with existing treatments like metformin can provide better overall control of blood sugar levels and improve the patient's symptoms."
Determine whether the given hypothesis logically follows from the multiple supporting statements provided. The hypothesis may require reasoning across multiple premises.,"[PRE1] Lipocalin-type prostaglandin D(2) synthase (L-PGDS) knockout mice become glucose intolerant and show signs of diabetic nephropathy and accelerated atherosclerosis. [PRE2] In insulin-sensitive rat skeletal muscle cells, L-PGDS stimulates glucose transport approximately 2-fold and enhances insulin-stimulated glucose transport. [PRE3] The increased glucose transport is due to GLUT4 translocation rather than increased GLUT4 production. [PRE4] Under hyperglycemic conditions, GLUT4 translocation is inhibited. [PRE5] Adipocytes from L-PGDS knockout mice are significantly less sensitive to insulin-stimulated glucose transport than wild-type. [HYP] In the absence of L-PGDS, glucose transport in muscle and adipose tissues remains unaffected by insulin. Choose entailment or contradiction.",contradiction
"Determine whether the hypothesis presents a hypothetical scenario or a factual statement and classify its logical relationship to the given premise. Choose from ['entailment', 'contradiction', 'neutral'].","[PRE] He finally went to [Hospital3 1846], where his glucose was 1047. [HYP] If the glucose level had been lower, the patient would not have been in diabetic ketoacidosis.",neutral
Verify whether the given statement about Type 1 Diabetes (T1DM) is factually correct based on the provided passage.,"Statement: Type 1 Diabetes (T1DM) is an autoimmune disease where the immune system attacks insulin-producing pancreatic beta cells, leading to insulin deficiency. Diagnosis is primarily based on detecting autoantibodies against pancreatic islet antigens.",True
"Extract all nested biomedical entities related to molecular mechanisms and drug interactions from the given medical text. Return the results in a structured format, including the primary entity and its nested components.","Diabetic cardiomyopathy is associated with suppression of cardiac autophagy, and activation of AMP-activated protein kinase (AMPK) restores cardiac autophagy and prevents cardiomyopathy in diabetic mice, albeit by an unknown mechanism. We hypothesized that AMPK-induced autophagy ameliorates diabetic cardiomyopathy by inhibiting cardiomyocyte apoptosis and examined the effects of AMPK on the interaction between Beclin1 and Bcl-2, a switch between autophagy and apoptosis, in diabetic mice and high glucose-treated H9c2 cardiac myoblast cells. Exposure of H9c2 cells to high glucose reduced AMPK activity, inhibited Jun NH2-terminal kinase 1 (JNK1)-B-cell lymphoma 2 (Bcl-2) signaling, and promoted Beclin1 binding to Bcl-2. Conversely, activation of AMPK by metformin stimulated JNK1-Bcl-2 signaling and disrupted the Beclin1-Bcl-2 complex. Activation of AMPK, which normalized cardiac autophagy, attenuated high glucose-induced apoptosis in cultured H9c2 cells. This effect was attenuated by inhibition of autophagy. Finally, chronic administration of metformin in diabetic mice restored cardiac autophagy by activating JNK1-Bcl-2 pathways and dissociating Beclin1 and Bcl-2. The induction of autophagy protected against cardiac apoptosis and improved cardiac structure and function in diabetic mice. We concluded that dissociation of Bcl-2 from Beclin1 may be an important mechanism for preventing diabetic cardiomyopathy via AMPK activation that restores autophagy and protects against cardiac apoptosis.","{'AMPK': {'function': 'activates autophagy, prevents cardiomyopathy', 'interactions': [{'with': 'Beclin1', 'effect': 'restores autophagy'}, {'with': 'Bcl-2', 'effect': 'disrupts binding'}, {'with': 'JNK1-Bcl-2', 'effect': 'stimulates pathway'}]}, 'Metformin': {'function': 'activates AMPK', 'interactions': [{'with': 'JNK1-Bcl-2', 'effect': 'stimulates pathway'}, {'with': 'Beclin1-Bcl-2', 'effect': 'disrupts binding'}]}, 'Glucose': {'function': 'reduces AMPK activity', 'interactions': [{'with': 'JNK1-Bcl-2', 'effect': 'inhibits pathway'}, {'with': 'Beclin1-Bcl-2', 'effect': 'promotes binding'}]}}"
Resolve coreferences in the given text and extract key biomedical terms. Replace pronouns or ambiguous references with their respective entities and return the resolved text along with the extracted terms as a comma-separated string.,"Prolonged poor glycemic control in non-insulin-dependent diabetes mellitus patients often leads to a decline in insulin secretion from pancreatic beta cells, accompanied by a decrease in the insulin content of the cells. This reduction in secretion contributes to worsening glucose regulation.","{'resolved_text': 'Prolonged poor glycemic control in non-insulin-dependent diabetes mellitus patients often leads to a decline in insulin secretion from pancreatic beta cells, accompanied by a decrease in the insulin content of the pancreatic beta cells. This reduction in insulin secretion contributes to worsening glucose regulation.', 'extracted_terms': 'non-insulin-dependent diabetes mellitus, pancreatic beta cells, insulin secretion, insulin content, glucose regulation'}"
"Identify the causal relationship between @ENTITY1$ and @ENTITY2$ in the given medical text. Choose the most appropriate category from ['causes', 'contributes_to', 'associated_with', 'no_relation'].","Title of the Paper: Factors possibly influencing the development of diabetic retinopathy.

Abstract of the Paper: Factors possibly influencing the development of diabetic retinopathy were studied in 112 randomly selected type 1 diabetics having no or minimal retinopathy (group A) and in 82 type 1 diabetics with known severe diabetic retinopathy. The study aimed to investigate the potential risk factors that contribute to the progression of diabetic retinopathy in type 1 diabetic patients.

Entity Information:
- { ""id"": ""C0035309"", ""name"": ""retinopathy"", ""pos"": [57, 68] }
- { ""id"": ""C0011884"", ""name"": ""diabetes"", ""pos"": [214, 222] }

Based on the provided text, determine the most appropriate relationship type.",contributes_to
"Predict the most likely outcome associated with a given condition based on the provided medical text. Choose from ['may_treat', 'may_cause', 'associated_with', 'no_relation'].","Title of the Paper: Epidemiological study of prevalence of chlorpropamide alcohol flushing in insulin dependent diabetics, non-insulin dependent diabetics, and non-diabetics.

Abstract of the Paper: This study investigates the prevalence of chlorpropamide alcohol flushing in different groups, including insulin-dependent diabetics, non-insulin-dependent diabetics, and non-diabetics. The objective is to understand how different diabetic conditions respond to chlorpropamide and the role of insulin in managing these conditions.

Entity Information:
- { ""id"": ""C0021641"", ""name"": ""insulin"", ""pos"": [74, 81] }
- { ""id"": ""C0011860"", ""name"": ""non-insulin dependent diabetics"", ""pos"": [104, 135] }

Based on the provided text, determine the most appropriate relationship type.",may_treat
Explain the effects of stress on diabetes control.,How does stress affect diabetes?,"Chronic stress can lead to elevated blood sugar levels as it triggers the release of stress hormones like cortisol and adrenaline, making it harder to manage diabetes."
Advise on the appropriate actions if stomach ulcers develop from Plavix.,What should I do if I develop stomach ulcers from taking Plavix?,"If you develop stomach ulcers after taking Plavix, it's important to seek medical attention immediately. Your healthcare provider may adjust your medication or prescribe treatment for the ulcers."
Summarize the key points from the given text while preserving its most essential information.,"If you have diabetes, your body cannot make or properly use insulin. This leads to high blood glucose, or blood sugar, levels. Healthy eating helps keep your blood sugar in your target range. It is a critical part of managing your diabetes, because controlling your blood sugar can prevent the complications of diabetes. A registered dietitian can help make an eating plan just for you. It should take into account your weight, medicines, lifestyle, and other health problems you have. Healthy diabetic eating includes - Limiting foods that are high in sugar - Eating smaller portions, spread out over the day - Being careful about when and how many carbohydrates you eat - Eating a variety of whole-grain foods, fruits and vegetables every day - Eating less fat - Limiting your use of alcohol - Using less salt NIH: National Institute of Diabetes and Digestive and Kidney Diseases","Managing diabetes through diet involves controlling blood sugar by limiting sugar intake, eating smaller portions throughout the day, monitoring carbohydrate consumption, incorporating whole grains, fruits, and vegetables, reducing fat and salt intake, and limiting alcohol consumption."
Identify the main medical topics discussed in the given text and return them as a comma-separated string.,"Doctor: Hello, how are you today? Patient: I'm fine, thank you. Doctor: Can you tell me why you came to Siriraj Diabetes Center today? Patient: Yes, I came for my diabetes management. Doctor: Okay, I see. So you have been treated for diabetes for some time now, right? Patient: Yes, I have been following up every 3 months at the Siriraj Diabetes Center. Doctor: That's great. So, how has your diabetes control been lately? Patient: It has been excellent. I have been taking glicazide 20 mg/d and my glycemic control is without diabetic complications. Doctor: That's great to hear. Can you tell me more about your laboratory assessment? Patient: Sure. My fasting plasma glucose was 78 mg/dL, hemoglobin A1c was 6.7%, serum creatinine was 0.56 mg/dL, total cholesterol was 173 mg/dL, high-density lipoprotein was 99 mg/dL, low-density lipoprotein was 62.6 mg/dL, and triglycerides was 57 mg/dL. Doctor: Okay, those are all good numbers. Can you tell me about your first visit to Siriraj Diabetes Center? Patient: Yes, I was first seen at Siriraj Diabetes Center when I was 31 years old and diabetes was diagnosed when I was 14. Doctor: I see. And what about your family history with diabetes? Patient: My mother and brother were diagnosed with diabetes at age 17 and 13, respectively. Doctor: Okay. Is there any history of diabetic ketoacidosis in your family? Patient: No, there is no history of diabetic ketoacidosis. And glycemic control could be achieved without insulin treatment for more than 5 years after diabetes diagnosis in all 3 patients. Doctor: That's great. Can you tell me about your body mass index, waist-to-hip ratio, and blood pressure? Patient: My body mass index is 19.43 kg/m2, waist-to-hip ratio is 0.83, and blood pressure is 120/70 mmHg. Doctor: Okay, those are all good numbers. Can you tell me about the laboratory assessments at your first visit to Siriraj Diabetes Center? Patient: Yes, my fasting plasma glucose was 126 mg/dL, hemoglobin A1c was 9.5%, serum creatinine was 0.6 mg/dL, total cholesterol was 156 mg/dL, high-density lipoprotein was 71 mg/dL, low-density lipoprotein was 90 mg/dL, and total TG was 55 mg/dL. Doctor: I see. And what about your DNA sequencing? Patient: Yes, my DNA sequencing revealed a heterozygous mutation of HNF1A at codon 203 in exon 3 that caused substitution of cysteine for arginine. Doctor: I see. Well, it looks like you have been doing a great job managing your diabetes. Keep up the good work and keep following up with us every 3 months. Patient: Okay, I will. Thank you, doctor.","diabetes management, laboratory assessment, glycemic control, genetic testing, medication, family history, biometric measurements, follow-up care"
Complete the sentence by filling in the blank with the most appropriate term related to diabetic foot complications.,"The diabetic _______ foot syndrome is a serious and potentially limb-threatening lower-extremity complication of diabetes. It is characterized by varying degrees of bone and joint disorganization secondary to underlying neuropathy, trauma, and perturbations of bone metabolism.",Charcot
Rephrase the given text while maintaining its original meaning and clarity.,"A systematic review analyzed randomized controlled trials (RCTs) investigating the effect of vitamin B12 supplementation on diabetic peripheral neuropathy. The review included four studies with a total of 363 patients. Outcome measures such as vibration perception thresholds, neuropathic symptoms, and nerve conduction velocities were assessed. Most studies found no significant improvement in clinical symptoms or electrophysiological markers of nerve conduction. Based on this evidence, assess whether vitamin B12 supplementation should be recommended for diabetic neuropathy treatment.","A comprehensive review examined randomized controlled trials (RCTs) that explored the impact of vitamin B12 supplementation on diabetic peripheral neuropathy. The analysis covered four studies with 363 participants, evaluating parameters like vibration perception thresholds, neuropathic symptoms, and nerve conduction velocities. The majority of the studies reported no meaningful improvement in clinical symptoms or electrophysiological markers of nerve function. Given this evidence, it is unclear whether vitamin B12 supplementation should be routinely recommended for the treatment of diabetic neuropathy."
Use general knowledge to infer the primary function and benefits of the given medical treatment.,"Glucagon-like peptide-1 (GLP-1) receptor agonists are a class of medications used to treat type 2 diabetes mellitus (T2DM) and obesity. They function by lowering blood glucose levels and improving metabolism. Recent recommendations highlight their role in specific patient populations, their mechanism of action, and the importance of multidisciplinary care teams in their administration.","GLP-1 receptor agonists help regulate blood sugar by enhancing insulin secretion and suppressing glucagon release. Their ability to slow gastric emptying also contributes to appetite control and weight loss, making them beneficial for patients with both diabetes and obesity. The success of this treatment depends on patient-specific factors and requires coordination between healthcare professionals for effective management."
Identify causal relationships between concepts in the given passage.,"Breakfast is important for managing diabetes, though all meals matter. Traditional American breakfasts, often high in carbs and low in fiber (e.g., bagels, cereal, pancakes), are not ideal for blood sugar control. Research suggests eating breakfast helps with weight management, satiety, and maintaining stable blood glucose levels.","Eating breakfast contributes to better weight management, satiety, and stable blood glucose levels. Traditional American breakfasts, high in carbs and low in fiber, negatively impact blood sugar control."
"Expand the given sentence into a detailed explanation by providing additional relevant information, including examples and practical applications.","The Diabetes Plate Method is a simple way to create balanced, low-carb meals that help manage blood sugar levels without counting or measuring food portions. Using a 9-inch plate, meals are divided into three sections:","What is the Diabetes Plate? The Diabetes Plate Method is a simple way to create balanced, low-carb meals that help manage blood glucose levels without counting or measuring food portions. Using a 9-inch plate, meals are divided into three sections:

Half the Plate: Non-Starchy Vegetables

These are low in carbs, high in fiber, vitamins, and minerals.
Examples: Broccoli, cauliflower, leafy greens, peppers, mushrooms, tomatoes, cucumbers, and squash.
One-Quarter of the Plate: Lean Protein

Proteins are essential but should be lean to reduce saturated fat intake.
Examples: Chicken, turkey, fish, shellfish, lean beef, tofu, eggs, cottage cheese, and legumes.
One-Quarter of the Plate: Carbohydrates

Carbs impact blood sugar the most, so portion control is key.
Examples: Whole grains (brown rice, oats, quinoa), starchy vegetables (potatoes, corn), beans, fruits, and dairy.
Drink Choice: Water or Low-Calorie Beverages

Best options: Water, unsweetened tea/coffee, sparkling water, and diet drinks.
Combination Foods & Meal Planning
Dishes like pizza, soups, and casseroles can still follow the plate method by adjusting proportions.
Example: Use a thin crust for pizza, top it with veggies instead of processed meats, and pair with a salad.
The Diabetes Plate Method is a practical approach to healthy eating for diabetes management. For personalized plans, consult a dietitian or diabetes specialist and use tools like Diabetes Food Hub for meal planning and recipes."
Rewrite the given sentence while preserving its original meaning.,"A diet rich in carbohydrate and fiber, essentially based on legumes, vegetables, fruits, and whole cereals, may be particularly useful for treating diabetic patients because of its multiple effects on different cardiovascular risk factors, including postprandial lipids abnormalities.","A high-fiber, carbohydrate-rich diet consisting mainly of legumes, vegetables, fruits, and whole grains can be beneficial for diabetic patients due to its positive impact on various cardiovascular risk factors, such as postprandial lipid imbalances."
Explain the role of carbohydrate counting in blood glucose management for individuals with diabetes.,"Carbohydrate counting is a meal planning method used to manage blood glucose levels. It involves tracking the grams of carbohydrates consumed and adjusting insulin doses accordingly. This method is especially beneficial for individuals with type 1 diabetes who rely on insulin therapy, as well as for some individuals with type 2 diabetes. Different approaches to carb counting exist, including detailed gram-based tracking, using carbohydrate choices (where one choice equals 15 grams of carbs), and applying the Diabetes Plate Method to balance macronutrient intake. Continuous glucose monitoring (CGM) and self-monitoring of blood glucose help assess how different carbohydrate amounts impact blood sugar levels, allowing for personalized dietary adjustments.","Carbohydrate counting plays a crucial role in blood glucose management by helping individuals with diabetes track and regulate their carb intake. This method allows individuals, particularly those on insulin therapy, to adjust their insulin doses to prevent blood sugar spikes or drops. The approach varies based on personal preference, medication type, and lifestyle. Some people use precise carb counting by measuring every gram, while others opt for a simplified method like estimating carbohydrate choices. Additionally, monitoring blood sugar before and after meals provides insights into how specific foods impact glucose levels, ultimately leading to better diabetes management."
Consider the following findings about low-carbohydrate and balanced diets. Imagine a scenario where the results of the systematic review had shown that low-carb diets significantly outperformed balanced diets in both weight loss and cardiovascular health. How would this change the implications of the study? Provide a revised interpretation of the findings based on this counterfactual scenario.,"Low carbohydrate diets are widely promoted for weight loss and associated health benefits, including for diabetes management and cardiovascular health. However, a recent systematic review of the evidence shows little or no benefit of low carb diets compared to balanced carb diets when it comes to both weight loss and cardiovascular disease risk factors. The Cochrane review combined the findings of 61 randomised controlled trials involving close to 7000 people. The participants were all overweight and some also had type 2 diabetes and/or heart disease or associated risk factors. The studies ranged from 3 months to 2 years duration. While there is no widely accepted definition of a low carbohydrate diet, these diets generally restrict grains, legumes, fruit and starchy vegetables, along with other carbohydrate containing foods, and replace them with foods high in fat and/or protein such as meat, chicken, fish, eggs, cheese, butter, cream and oil. The carbohydrate content of the low carb diets included in this review varied from less than 50 g/day (less than 10% of total energy) up to 150 g/day (45% of energy or less). Balanced carbohydrate diets were described in this paper as diets containing moderate amounts of carbohydrates, fats and protein, in line with healthy eating advice from health authorities. When used for weight loss, these diets encourage a reduction in portion size and making healthy food choices. The researchers found little to no difference in weight loss between people following a low carbohydrate weight loss diet compared to a balanced carbohydrate weight loss diet, in both the short-term (3-6 months) and longer term (1-2 years). They also found no difference between the diets when it came to changes in heart disease risk factors including blood pressure, LDL (?bad?) cholesterol and HbA1c (a measure of average blood glucose levels over the past 2-3 months). These findings were the same in people with and without type 2 diabetes. The researchers say that they were unable to make any conclusions about negative effects of low carb diets as these were reported in very few of the trials. Considering that many carbohydrate foods (including minimally processed wholegrains, legumes, fruits and vegetables) have been shown to have benefits for cardiometabolic health, and the lack of evidence for a benefit of low carb diets, research to date suggests focusing on quality of carbohydrate over quantity, and healthy dietary patterns rather than macronutrients (i.e., fat, protein and carbohydrate).","{'revised_interpretation': 'If the systematic review had shown that low-carb diets significantly outperformed balanced diets in both weight loss and cardiovascular health, the recommendations for dietary interventions would likely shift. Low-carb diets might be strongly promoted as a primary strategy for managing obesity and reducing cardiovascular risks. Health authorities could reconsider existing guidelines, emphasizing carbohydrate restriction while ensuring adequate intake of essential nutrients. Additionally, further research might focus on identifying the optimal level of carbohydrate restriction and investigating long-term adherence and potential risks associated with sustained low-carb eating patterns.'}"
"Label the tokens in the following sentence using the BIO scheme for biomedical named entities. Use 'B-CHEMICAL' for the first token of a chemical entity, 'B-DISEASE' for the first token of a disease entity, 'I-DISEASE' for subsequent tokens in the same disease entity, and 'O' for tokens that are not part of any entity.","[ ""Attenuation"", ""of"", ""the"", ""lithium"", ""-"", ""induced"", ""diabetes"", ""-"", ""insipidus"", ""-"", ""like"", ""syndrome"", ""by"", ""amiloride"", ""in"", ""rats"", ""."" ]","[ ""O"", ""O"", ""O"", ""B-CHEMICAL"", ""O"", ""O"", ""B-DISEASE"", ""I-DISEASE"", ""I-DISEASE"", ""I-DISEASE"", ""I-DISEASE"", ""I-DISEASE"", ""O"", ""B-CHEMICAL"", ""O"", ""O"", ""O"" ]"
Generate a relevant question based on the given medical text that assesses comprehension of metformin?s mechanism of action in treating diabetic kidney disease.,"Metformin and diabetic kidney disease: a mini-review on recent findings. Metformin, an oral anti-diabetic agent in the biguanide class is a widely prescribed drug to treat high blood glucose in patients with type 2 diabetes mellitus. Metformin has three different roles, including blood glucose regulatory effect, protection of kidney tubular cell by acting as an effective antioxidant and finally ameliorative effect on diabetic kidney disease through saving the podocytes. Therefore, diabetic patients may benefit from all of these three distinct ameliorative effects.",How does metformin contribute to the treatment of diabetic kidney disease beyond its role in blood glucose regulation?
Verify the claims made in the given research finding by assessing whether the stated effects of vitamin supplementation on type 2 diabetes management are supported by evidence.,"This research confirmed that subjects with T2DM after three months supplementation of vitamins demonstrated significantly low level of hypertension, decrease levels of blood glucose, and increase SOD and GSH enzyme activity that can probably reduce insulin resistance by enhanced lowering oxidative stress parameters.","To verify these claims, we would need to examine whether the study used a robust methodology, such as a randomized controlled trial, to establish causation. Key aspects to assess include the sample size, statistical significance of findings, and whether other confounding factors were controlled. Additionally, checking if similar results were observed in other independent studies can help confirm the reliability of these findings."
"Disambiguate and extract named entities from the given medical text, ensuring clarity between different individuals, conditions, and treatments.","Doctor: Good morning, how can I help you today? Patient: Hi, I have a family history of MELAS and I was hospitalized because of severe weight loss, hydrodipsia, and polyuria. Doctor: I see. Can you tell me a little bit more about your family history? Patient: His mother had diabetes mellitus, cardiomyopathy, and hearing loss. Doctor: Okay. And when were you diagnosed with insulin-dependent diabetes mellitus? Patient: I was diagnosed when I was 30 years old and treated with insulin therapy. Doctor: I understand. How has your condition been since then? Patient: It's been okay, but I've been struggling with weight loss lately. Doctor: Alright. Can you tell me more about your symptoms? What kind of weight loss are you experiencing? Patient: I've lost a lot of weight and I've been feeling very thirsty and urinating frequently. Doctor: Okay. I see. And is there anyone else in your family with similar symptoms? Patient: Yes, my wife has diabetes, hearing loss, epilepsy, and cardiomyopathy. Doctor: I see. When was she diagnosed with gestational diabetes mellitus? Patient: She was diagnosed during her first pregnancy, when she was 24 years old. Doctor: And what kind of treatment has she received? Patient: She was treated with insulin therapy for diabetic ketoacidosis when she was 31 years old. Doctor: I understand. Has she been hospitalized recently? Patient: Yes, she has been hospitalized repeatedly because of epilepsy and acute exacerbation of chronic heart failure. Doctor: I see. I think it's important for both of you to continue monitoring your health and following up with your treatments. Patient: Yes, I understand. Doctor: Great. Is there anything else you would like to discuss or ask about today? Patient: No, that's all. Thank you for your help. Doctor: You're welcome. Please don't hesitate to reach out if you have any concerns in the future. Take care.","{'Patient 1': {'Name': 'Male, 38 years old', 'Chief Complaint': ['Diabetes management', 'Severe weight loss', 'Excessive thirst', 'Frequent urination'], 'Diagnosis': 'Insulin-dependent diabetes mellitus', 'Medical History': {'Diagnosis Age': 30, 'Family History': {'Mother': ['Diabetes mellitus', 'Cardiomyopathy', 'Hearing loss'], 'Wife': ['Diabetes mellitus', 'Hearing loss', 'Epilepsy', 'Cardiomyopathy']}, 'Symptoms': ['Hydrodipsia', 'Polyuria'], 'Current Treatment': 'Insulin therapy'}, 'Plan': ['Continue insulin therapy', 'Monitor glycemic levels and hydration', 'Regular follow-ups for weight loss', 'Further investigation for MELAS']}, 'Patient 2': {'Name': 'Female, 46 years old', 'Chief Complaint': ['Diabetes management', 'Epilepsy', 'Heart failure'], 'Diagnosis': ['Diabetes mellitus', 'Gestational diabetes mellitus (diagnosed at 24)', 'Hearing loss', 'Epilepsy', 'Cardiomyopathy'], 'Medical History': {'Treatment': ['Insulin therapy for diabetic ketoacidosis at age 31'], 'Hospitalizations': ['Recurrent hospitalizations for epilepsy and heart failure exacerbations']}, 'Plan': ['Continue insulin therapy', 'Regular neurological and cardiac follow-ups', 'Monitor diabetic complications', 'Lifestyle and dietary adjustments']}, 'Recommendations': ['Genetic counseling for MELAS', 'Regular endocrinology, cardiology, and neurology consultations', 'Blood glucose monitoring', 'Emergency plans for diabetic ketoacidosis and epilepsy episodes']}"
Determine the logical conclusion based on multiple related facts in the given passage.,"Diabetes occurs when blood glucose levels are too high. Type 1 diabetes patients require insulin because their pancreas does not produce it, whereas type 2 diabetes results from the body's improper use of insulin. If diet and exercise alone are insufficient, type 2 diabetes may require oral medications to support insulin function. Various diabetes medications work differently, and some individuals take a combination of pills or both insulin and pills to maintain glucose control.","If a patient with type 2 diabetes cannot regulate blood sugar through lifestyle changes, they may require oral medication, combination therapy, or insulin depending on their condition and response to treatment."
"Compare and contrast the causes, risk factors, and long-term implications of gestational diabetes and type 2 diabetes.","Gestational diabetes is caused by insulin resistance due to pregnancy hormones, increasing the body's need for insulin. If the pancreas cannot compensate, blood sugar levels rise, leading to gestational diabetes. In contrast, type 2 diabetes develops when insulin resistance persists beyond pregnancy and the pancreas gradually loses its ability to produce enough insulin. While gestational diabetes often resolves after childbirth, it increases the risk of future gestational diabetes and type 2 diabetes. Risk factors for both conditions include excess weight and family history, though gestational diabetes specifically arises during pregnancy. Long-term, both conditions can lead to complications for both mother and child, making weight management and physical activity essential preventive measures.","Gestational diabetes and type 2 diabetes both result from insulin resistance, but their causes differ. Gestational diabetes is triggered by pregnancy hormones that temporarily increase insulin needs, while type 2 diabetes arises from chronic insulin resistance and pancreatic dysfunction. Although gestational diabetes usually resolves after childbirth, it significantly raises the risk of future type 2 diabetes. Both conditions share risk factors like obesity and genetics, but gestational diabetes is pregnancy-specific. Managing weight and staying active are key strategies to prevent long-term complications in both conditions."
